,input id,low value,high value,correlation,secret value,testset name
0,0.0,4.95703125,4.95703125,0.6583019561343224,4.956986428124406,noise_batina_results
1,0.0,-4.95703125,-4.95703125,0.6315096030077869,4.956986428124406,noise_batina_results
2,0.0,4.953125,4.953125,0.5552167993047847,4.956986428124406,noise_batina_results
3,0.0,4.9609375,4.9609375,0.5450817894672213,4.956986428124406,noise_batina_results
4,0.0,4.94140625,4.94140625,0.5393124705239464,4.956986428124406,noise_batina_results
5,0.0,4.96484375,4.96484375,0.5333371243352799,4.956986428124406,noise_batina_results
6,0.0,4.94921875,4.94921875,0.5328919585295177,4.956986428124406,noise_batina_results
7,0.0,-4.953125,-4.953125,0.5293073255718609,4.956986428124406,noise_batina_results
8,0.0,-4.9609375,-4.9609375,0.5239942550662914,4.956986428124406,noise_batina_results
9,0.0,4.9453125,4.9453125,0.5208223683539054,4.956986428124406,noise_batina_results
10,0.0,3.3359375,3.3359375,0.6512454714463852,3.336128825381648,noise_batina_results
11,0.0,-3.3359375,-3.3359375,0.6295716678374657,3.336128825381648,noise_batina_results
12,0.0,3.33984375,3.33984375,0.5888085241740488,3.336128825381648,noise_batina_results
13,0.0,3.337890625,3.337890625,0.5887502395386458,3.336128825381648,noise_batina_results
14,0.0,3.330078125,3.330078125,0.5793521614553039,3.336128825381648,noise_batina_results
15,0.0,-3.337890625,-3.337890625,0.57299615350155,3.336128825381648,noise_batina_results
16,0.0,3.345703125,3.345703125,0.5720969841303178,3.336128825381648,noise_batina_results
17,0.0,-3.33984375,-3.33984375,0.5718170075857111,3.336128825381648,noise_batina_results
18,0.0,3.341796875,3.341796875,0.5712588381036094,3.336128825381648,noise_batina_results
19,0.0,3.333984375,3.333984375,0.5688203744897352,3.336128825381648,noise_batina_results
20,0.0,2.837890625,2.837890625,0.5193705925373769,2.8366883764891995,noise_batina_results
21,0.0,-2.837890625,-2.837890625,0.5001936507496646,2.8366883764891995,noise_batina_results
22,0.0,2.833984375,2.833984375,0.48060681837392244,2.8366883764891995,noise_batina_results
23,0.0,2.8359375,2.8359375,0.47414913550038873,2.8366883764891995,noise_batina_results
24,0.0,2.841796875,2.841796875,0.47110614861959954,2.8366883764891995,noise_batina_results
25,0.0,2.83203125,2.83203125,0.46408095994167764,2.8366883764891995,noise_batina_results
26,0.0,-2.833984375,-2.833984375,0.4605912046334702,2.8366883764891995,noise_batina_results
27,0.0,-2.8359375,-2.8359375,0.4510583570288798,2.8366883764891995,noise_batina_results
28,0.0,-2.841796875,-2.841796875,0.4467141087397303,2.8366883764891995,noise_batina_results
29,0.0,-2.83203125,-2.83203125,0.44173301079849464,2.8366883764891995,noise_batina_results
30,0.0,1.095703125,1.095703125,0.31252914198709547,1.0955823944456795,noise_batina_results
31,0.0,-1.095703125,-1.095703125,0.25223960056810074,1.0955823944456795,noise_batina_results
32,0.0,1.0966796875,1.0966796875,0.23368565401411093,1.0955823944456795,noise_batina_results
33,0.0,1.0947265625,1.0947265625,0.22500015865371417,1.0955823944456795,noise_batina_results
34,0.0,1.0927734375,1.0927734375,0.19644978717965048,1.0955823944456795,noise_batina_results
35,0.0,1.09375,1.09375,0.18843947184615822,1.0955823944456795,noise_batina_results
36,0.0,1.09765625,1.09765625,0.17223205376752881,1.0955823944456795,noise_batina_results
37,0.0,-1.0966796875,-1.0966796875,0.17112161385049196,1.0955823944456795,noise_batina_results
38,0.0,-1.0947265625,-1.0947265625,0.16279664707930916,1.0955823944456795,noise_batina_results
39,0.0,1.0908203125,1.0908203125,0.13772500500284954,1.0955823944456795,noise_batina_results
40,0.0,1.11328125,1.11328125,0.3360390029085292,1.1131937926403568,noise_batina_results
41,0.0,-1.11328125,-1.11328125,0.2717666220452575,1.1131937926403568,noise_batina_results
42,0.0,1.1142578125,1.1142578125,0.23389471757126415,1.1131937926403568,noise_batina_results
43,0.0,1.1123046875,1.1123046875,0.21327360183450322,1.1131937926403568,noise_batina_results
44,0.0,1.115234375,1.115234375,0.21244078003630595,1.1131937926403568,noise_batina_results
45,0.0,-1.1142578125,-1.1142578125,0.17486734647049945,1.1131937926403568,noise_batina_results
46,0.0,1.111328125,1.111328125,0.17422642691996926,1.1131937926403568,noise_batina_results
47,0.0,1.1162109375,1.1162109375,0.1649518180701233,1.1131937926403568,noise_batina_results
48,0.0,1.109375,1.109375,0.1560504375628521,1.1131937926403568,noise_batina_results
49,0.0,-1.1123046875,-1.1123046875,0.15308007250134453,1.1131937926403568,noise_batina_results
50,0.0,-0.93505859375,-0.93505859375,0.31514374632346903,-0.9349567393535881,noise_batina_results
51,0.0,-0.935546875,-0.935546875,0.2907192352856354,-0.9349567393535881,noise_batina_results
52,0.0,-0.9345703125,-0.9345703125,0.2640217804187029,-0.9349567393535881,noise_batina_results
53,0.0,-0.93212890625,-0.93212890625,0.262135716854266,-0.9349567393535881,noise_batina_results
54,0.0,-0.93408203125,-0.93408203125,0.24234725104021346,-0.9349567393535881,noise_batina_results
55,0.0,-0.93603515625,-0.93603515625,0.22864920386069454,-0.9349567393535881,noise_batina_results
56,0.0,0.93505859375,0.93505859375,0.22601927076132058,-0.9349567393535881,noise_batina_results
57,0.0,-0.9375,-0.9375,0.21584005163223555,-0.9349567393535881,noise_batina_results
58,0.0,-0.9326171875,-0.9326171875,0.21345395617213447,-0.9349567393535881,noise_batina_results
59,0.0,0.935546875,0.935546875,0.21054723169002287,-0.9349567393535881,noise_batina_results
60,0.0,-0.306640625,-0.306640625,0.2594544554670024,-0.3065221805180749,noise_batina_results
61,0.0,-0.306396484375,-0.306396484375,0.23872310646471886,-0.3065221805180749,noise_batina_results
62,0.0,-0.30615234375,-0.30615234375,0.22078273355583278,-0.3065221805180749,noise_batina_results
63,0.0,-0.306884765625,-0.306884765625,0.18878097219753642,-0.3065221805180749,noise_batina_results
64,0.0,-0.30712890625,-0.30712890625,0.18703016679651802,-0.3065221805180749,noise_batina_results
65,0.0,0.306640625,0.306640625,0.17647826438925596,-0.3065221805180749,noise_batina_results
66,0.0,-0.305908203125,-0.305908203125,0.17010057975767506,-0.3065221805180749,noise_batina_results
67,0.0,0.306396484375,0.306396484375,0.15677328301959262,-0.3065221805180749,noise_batina_results
68,0.0,-0.307373046875,-0.307373046875,0.15562902797610742,-0.3065221805180749,noise_batina_results
69,0.0,0.30615234375,0.30615234375,0.1347082000639696,-0.3065221805180749,noise_batina_results
70,0.0,0.93408203125,0.93408203125,0.3789267443447033,0.9341079014036735,noise_batina_results
71,0.0,-0.93408203125,-0.93408203125,0.3251964764837542,0.9341079014036735,noise_batina_results
72,0.0,0.93359375,0.93359375,0.26477062676829755,0.9341079014036735,noise_batina_results
73,0.0,0.93505859375,0.93505859375,0.250742684228809,0.9341079014036735,noise_batina_results
74,0.0,0.935546875,0.935546875,0.232219421494726,0.9341079014036735,noise_batina_results
75,0.0,0.9345703125,0.9345703125,0.22500349603214587,0.9341079014036735,noise_batina_results
76,0.0,0.93310546875,0.93310546875,0.21438713977780138,0.9341079014036735,noise_batina_results
77,0.0,-0.93359375,-0.93359375,0.20505126534271542,0.9341079014036735,noise_batina_results
78,0.0,-0.93505859375,-0.93505859375,0.19763965793090388,0.9341079014036735,noise_batina_results
79,0.0,0.9326171875,0.9326171875,0.19650272971648694,0.9341079014036735,noise_batina_results
80,0.0,1.9912109375,1.9912109375,0.34722516886478,1.991038705170073,noise_batina_results
81,0.0,1.990234375,1.990234375,0.32223781822717434,1.991038705170073,noise_batina_results
82,0.0,0.99560546875,0.99560546875,0.31532465049125963,1.991038705170073,noise_batina_results
83,0.0,-1.9912109375,-1.9912109375,0.3018950859838927,1.991038705170073,noise_batina_results
84,0.0,0.9951171875,0.9951171875,0.288438451610596,1.991038705170073,noise_batina_results
85,0.0,1.9892578125,1.9892578125,0.2806660854541794,1.991038705170073,noise_batina_results
86,0.0,-1.990234375,-1.990234375,0.2760724082314538,1.991038705170073,noise_batina_results
87,0.0,-0.99560546875,-0.99560546875,0.2687824629052467,1.991038705170073,noise_batina_results
88,0.0,1.98828125,1.98828125,0.26170611507666125,1.991038705170073,noise_batina_results
89,0.0,0.99462890625,0.99462890625,0.24543371561555993,1.991038705170073,noise_batina_results
90,0.0,0.5673828125,0.5673828125,0.4064468611724156,0.5673732824082345,noise_batina_results
91,0.0,-0.5673828125,-0.5673828125,0.34836241930152756,0.5673732824082345,noise_batina_results
92,0.0,0.56689453125,0.56689453125,0.2742848074401178,0.5673732824082345,noise_batina_results
93,0.0,0.56787109375,0.56787109375,0.2628787658849136,0.5673732824082345,noise_batina_results
94,0.0,0.56640625,0.56640625,0.24905897597069873,0.5673732824082345,noise_batina_results
95,0.0,0.56494140625,0.56494140625,0.23966727147998326,0.5673732824082345,noise_batina_results
96,0.0,0.5654296875,0.5654296875,0.2351527992510557,0.5673732824082345,noise_batina_results
97,0.0,0.56884765625,0.56884765625,0.23439910081944546,0.5673732824082345,noise_batina_results
98,0.0,-0.56689453125,-0.56689453125,0.21577843471419716,0.5673732824082345,noise_batina_results
99,0.0,0.56591796875,0.56591796875,0.21427649696397028,0.5673732824082345,noise_batina_results
100,0.0,1.2763671875,1.2763671875,0.28680160558054574,1.2759241610091063,noise_batina_results
101,0.0,1.275390625,1.275390625,0.265210544982422,1.2759241610091063,noise_batina_results
102,0.0,1.2744140625,1.2744140625,0.23070456597291802,1.2759241610091063,noise_batina_results
103,0.0,1.27734375,1.27734375,0.2153723792816969,1.2759241610091063,noise_batina_results
104,0.0,1.28125,1.28125,0.21280303758191624,1.2759241610091063,noise_batina_results
105,0.0,1.2783203125,1.2783203125,0.20134027858419049,1.2759241610091063,noise_batina_results
106,0.0,-1.2763671875,-1.2763671875,0.19597931229517251,1.2759241610091063,noise_batina_results
107,0.0,1.279296875,1.279296875,0.18168119029933746,1.2759241610091063,noise_batina_results
108,0.0,1.2734375,1.2734375,0.18072489555056415,1.2759241610091063,noise_batina_results
109,0.0,-1.275390625,-1.275390625,0.17970448256044985,1.2759241610091063,noise_batina_results
110,0.0,-2.263671875,-2.263671875,0.5194948875186393,-2.26307415267605,noise_batina_results
111,0.0,-2.26171875,-2.26171875,0.4933980790739768,-2.26307415267605,noise_batina_results
112,0.0,2.263671875,2.263671875,0.49080767470952913,-2.26307415267605,noise_batina_results
113,0.0,-2.265625,-2.265625,0.48612968153157443,-2.26307415267605,noise_batina_results
114,0.0,-2.267578125,-2.267578125,0.48436479320891446,-2.26307415267605,noise_batina_results
115,0.0,-2.271484375,-2.271484375,0.46815394329547544,-2.26307415267605,noise_batina_results
116,0.0,2.265625,2.265625,0.4646122730179803,-2.26307415267605,noise_batina_results
117,0.0,2.26171875,2.26171875,0.4621917696055599,-2.26307415267605,noise_batina_results
118,0.0,-2.26953125,-2.26953125,0.4584420662061273,-2.26307415267605,noise_batina_results
119,0.0,2.267578125,2.267578125,0.45653567378513665,-2.26307415267605,noise_batina_results
120,0.0,-0.2288818359375,-0.2288818359375,0.3977899594639596,-0.22888684251658908,noise_batina_results
121,0.0,0.2288818359375,0.2288818359375,0.32253262951971945,-0.22888684251658908,noise_batina_results
122,0.0,-0.22900390625,-0.22900390625,0.2634844195159161,-0.22888684251658908,noise_batina_results
123,0.0,-0.2293701171875,-0.2293701171875,0.2264639107956198,-0.22888684251658908,noise_batina_results
124,0.0,-0.2291259765625,-0.2291259765625,0.2197950295064582,-0.22888684251658908,noise_batina_results
125,0.0,-0.228759765625,-0.228759765625,0.21304645701517447,-0.22888684251658908,noise_batina_results
126,0.0,-0.2286376953125,-0.2286376953125,0.21063216604318163,-0.22888684251658908,noise_batina_results
127,0.0,-0.2294921875,-0.2294921875,0.19593919890832553,-0.22888684251658908,noise_batina_results
128,0.0,0.22900390625,0.22900390625,0.19441104623822206,-0.22888684251658908,noise_batina_results
129,0.0,-0.228515625,-0.228515625,0.16419962131523919,-0.22888684251658908,noise_batina_results
130,0.0,-1.482421875,-1.482421875,0.32037070018465785,-1.4828251255687013,noise_batina_results
131,0.0,-1.4833984375,-1.4833984375,0.2686282142053109,-1.4828251255687013,noise_batina_results
132,0.0,1.482421875,1.482421875,0.2665670669103679,-1.4828251255687013,noise_batina_results
133,0.0,-1.4853515625,-1.4853515625,0.26175695600546045,-1.4828251255687013,noise_batina_results
134,0.0,-1.48046875,-1.48046875,0.24139368292618213,-1.4828251255687013,noise_batina_results
135,0.0,-1.484375,-1.484375,0.22052213936778337,-1.4828251255687013,noise_batina_results
136,0.0,-1.486328125,-1.486328125,0.21580223234284965,-1.4828251255687013,noise_batina_results
137,0.0,1.4833984375,1.4833984375,0.2136487387421534,-1.4828251255687013,noise_batina_results
138,0.0,-1.4814453125,-1.4814453125,0.20337841094471096,-1.4828251255687013,noise_batina_results
139,0.0,1.4853515625,1.4853515625,0.2020426903507037,-1.4828251255687013,noise_batina_results
140,0.0,1.9365234375,1.9365234375,0.3639185419723645,1.9367331203525868,noise_batina_results
141,0.0,1.935546875,1.935546875,0.3532080782365086,1.9367331203525868,noise_batina_results
142,0.0,1.9345703125,1.9345703125,0.31494732238068035,1.9367331203525868,noise_batina_results
143,0.0,-1.9365234375,-1.9365234375,0.30045043930814247,1.9367331203525868,noise_batina_results
144,0.0,1.9375,1.9375,0.28925120669694276,1.9367331203525868,noise_batina_results
145,0.0,-1.935546875,-1.935546875,0.2839727495020453,1.9367331203525868,noise_batina_results
146,0.0,1.931640625,1.931640625,0.2779411100500528,1.9367331203525868,noise_batina_results
147,0.0,1.9384765625,1.9384765625,0.2624159684149808,1.9367331203525868,noise_batina_results
148,0.0,-1.9345703125,-1.9345703125,0.24878116073610768,1.9367331203525868,noise_batina_results
149,0.0,1.94140625,1.94140625,0.24827766406546284,1.9367331203525868,noise_batina_results
150,0.0,-0.26708984375,-0.26708984375,0.2690547121365099,-0.2670138464465561,noise_batina_results
151,0.0,-0.266845703125,-0.266845703125,0.26244647331146326,-0.2670138464465561,noise_batina_results
152,0.0,-0.2666015625,-0.2666015625,0.22486208559107831,-0.2670138464465561,noise_batina_results
153,0.0,0.26708984375,0.26708984375,0.22030228179812256,-0.2670138464465561,noise_batina_results
154,0.0,0.266845703125,0.266845703125,0.21030511945853228,-0.2670138464465561,noise_batina_results
155,0.0,-0.26611328125,-0.26611328125,0.18582727345088393,-0.2670138464465561,noise_batina_results
156,0.0,-0.265625,-0.265625,0.18378570479518347,-0.2670138464465561,noise_batina_results
157,0.0,-0.26806640625,-0.26806640625,0.17257882237856995,-0.2670138464465561,noise_batina_results
158,0.0,0.2666015625,0.2666015625,0.16980922670628473,-0.2670138464465561,noise_batina_results
159,0.0,-0.267333984375,-0.267333984375,0.16129112822951128,-0.2670138464465561,noise_batina_results
160,0.0,-0.63720703125,-0.63720703125,0.3827283951369357,-0.637179671205555,noise_batina_results
161,0.0,0.63720703125,0.63720703125,0.3299046678077729,-0.637179671205555,noise_batina_results
162,0.0,-0.6376953125,-0.6376953125,0.27604426611603966,-0.637179671205555,noise_batina_results
163,0.0,-0.63671875,-0.63671875,0.25017005438037604,-0.637179671205555,noise_batina_results
164,0.0,-0.63623046875,-0.63623046875,0.23422036665452842,-0.637179671205555,noise_batina_results
165,0.0,-9.737908840179443e-06,-9.737908840179443e-06,0.23124327980128828,-0.637179671205555,noise_batina_results
166,0.0,-0.63818359375,-0.63818359375,0.23124327980128828,-0.637179671205555,noise_batina_results
167,0.0,0.6376953125,0.6376953125,0.2227714549996052,-0.637179671205555,noise_batina_results
168,0.0,0.63671875,0.63671875,0.19422711529866596,-0.637179671205555,noise_batina_results
169,0.0,0.63623046875,0.63623046875,0.18416774973316022,-0.637179671205555,noise_batina_results
170,0.0,0.12298583984375,0.12298583984375,0.38620019953984946,0.12299132341602348,noise_batina_results
171,0.0,-0.12298583984375,-0.12298583984375,0.33346973940338637,0.12299132341602348,noise_batina_results
172,0.0,0.12322998046875,0.12322998046875,0.23606919713258473,0.12299132341602348,noise_batina_results
173,0.0,0.1229248046875,0.1229248046875,0.23392746433625822,0.12299132341602348,noise_batina_results
174,0.0,0.12274169921875,0.12274169921875,0.23220252574667918,0.12299132341602348,noise_batina_results
175,0.0,0.123046875,0.123046875,0.23161275655100824,0.12299132341602348,noise_batina_results
176,0.0,0.1231689453125,0.1231689453125,0.2226630514896772,0.12299132341602348,noise_batina_results
177,0.0,0.1226806640625,0.1226806640625,0.21777270910995783,0.12299132341602348,noise_batina_results
178,0.0,0.12310791015625,0.12310791015625,0.21290128768049948,0.12299132341602348,noise_batina_results
179,0.0,0.12286376953125,0.12286376953125,0.20824634436825912,0.12299132341602348,noise_batina_results
180,0.0,0.01690673828125,0.01690673828125,0.27210382570464386,0.01691407081126428,noise_batina_results
181,0.0,0.016937255859375,0.016937255859375,0.2540689326671923,0.01691407081126428,noise_batina_results
182,0.0,0.0169219970703125,0.0169219970703125,0.24506788030833632,0.01691407081126428,noise_batina_results
183,0.0,0.0168914794921875,0.0168914794921875,0.2431788144523036,0.01691407081126428,noise_batina_results
184,0.0,-0.01690673828125,-0.01690673828125,0.22504074660141377,0.01691407081126428,noise_batina_results
185,0.0,0.0169677734375,0.0169677734375,0.22004059086943017,0.01691407081126428,noise_batina_results
186,0.0,-0.016937255859375,-0.016937255859375,0.20672860310613303,0.01691407081126428,noise_batina_results
187,0.0,-0.0169219970703125,-0.0169219970703125,0.20220313487806826,0.01691407081126428,noise_batina_results
188,0.0,0.016815185546875,0.016815185546875,0.20086545541920325,0.01691407081126428,noise_batina_results
189,0.0,-0.0168914794921875,-0.0168914794921875,0.19999955292898244,0.01691407081126428,noise_batina_results
190,0.0,-0.147216796875,-0.147216796875,0.3302312174059053,-0.1472429673723008,noise_batina_results
191,0.0,-0.1474609375,-0.1474609375,0.29100409545270167,-0.1472429673723008,noise_batina_results
192,0.0,0.147216796875,0.147216796875,0.28099852539722736,-0.1472429673723008,noise_batina_results
193,0.0,-0.1473388671875,-0.1473388671875,0.2806749468316862,-0.1472429673723008,noise_batina_results
194,0.0,-0.1470947265625,-0.1470947265625,0.2764302043788385,-0.1472429673723008,noise_batina_results
195,0.0,-0.14697265625,-0.14697265625,0.25698925769871767,-0.1472429673723008,noise_batina_results
196,0.0,-0.147705078125,-0.147705078125,0.2539236802724502,-0.1472429673723008,noise_batina_results
197,0.0,-0.146484375,-0.146484375,0.24025760899457863,-0.1472429673723008,noise_batina_results
198,0.0,0.1474609375,0.1474609375,0.2361141995089482,-0.1472429673723008,noise_batina_results
199,0.0,-0.146728515625,-0.146728515625,0.22657014755822544,-0.1472429673723008,noise_batina_results
200,0.0,4.375,4.375,0.5923824650869615,4.375547903214889,noise_batina_results
201,0.0,-4.375,-4.375,0.5739960748006255,4.375547903214889,noise_batina_results
202,0.0,4.37890625,4.37890625,0.555853537978153,4.375547903214889,noise_batina_results
203,0.0,-4.37890625,-4.37890625,0.5371131852504611,4.375547903214889,noise_batina_results
204,0.0,4.37109375,4.37109375,0.5370679744732237,4.375547903214889,noise_batina_results
205,0.0,-4.37109375,-4.37109375,0.5206861031517016,4.375547903214889,noise_batina_results
206,0.0,4.3828125,4.3828125,0.5202466938709354,4.375547903214889,noise_batina_results
207,0.0,4.38671875,4.38671875,0.519111410084844,4.375547903214889,noise_batina_results
208,0.0,-4.3828125,-4.3828125,0.5041505030716037,4.375547903214889,noise_batina_results
209,0.0,4.3671875,4.3671875,0.5022826909258312,4.375547903214889,noise_batina_results
210,0.0,4.51171875,4.51171875,0.6087462844956445,4.511865798973229,noise_batina_results
211,0.0,-4.51171875,-4.51171875,0.5785713525855006,4.511865798973229,noise_batina_results
212,0.0,4.5078125,4.5078125,0.5454215737866983,4.511865798973229,noise_batina_results
213,0.0,4.515625,4.515625,0.5411775124188598,4.511865798973229,noise_batina_results
214,0.0,4.51953125,4.51953125,0.530332548621992,4.511865798973229,noise_batina_results
215,0.0,4.53125,4.53125,0.5232614728146611,4.511865798973229,noise_batina_results
216,0.0,4.5234375,4.5234375,0.5166954177916824,4.511865798973229,noise_batina_results
217,0.0,4.50390625,4.50390625,0.512782238443944,4.511865798973229,noise_batina_results
218,0.0,-4.5078125,-4.5078125,0.5090808452478782,4.511865798973229,noise_batina_results
219,0.0,4.5,4.5,0.5080207526447145,4.511865798973229,noise_batina_results
220,0.0,-3.001953125,-3.001953125,0.5607788040257302,-3.001525304094279,noise_batina_results
221,0.0,-3.00390625,-3.00390625,0.5344450974572615,-3.001525304094279,noise_batina_results
222,0.0,-3.0,-3.0,0.5319637375135271,-3.001525304094279,noise_batina_results
223,0.0,3.001953125,3.001953125,0.5297582362894744,-3.001525304094279,noise_batina_results
224,0.0,-3.005859375,-3.005859375,0.5273527307140532,-3.001525304094279,noise_batina_results
225,0.0,3.0,3.0,0.5056232522914721,-3.001525304094279,noise_batina_results
226,0.0,-3.01171875,-3.01171875,0.5041781931994344,-3.001525304094279,noise_batina_results
227,0.0,3.00390625,3.00390625,0.5024020217145667,-3.001525304094279,noise_batina_results
228,0.0,-3.0234375,-3.0234375,0.5010406367807858,-3.001525304094279,noise_batina_results
229,0.0,3.005859375,3.005859375,0.49768519574168346,-3.001525304094279,noise_batina_results
230,0.0,-2.54296875,-2.54296875,0.5657476303219601,-2.5424080985204367,noise_batina_results
231,0.0,2.54296875,2.54296875,0.5284278898751268,-2.5424080985204367,noise_batina_results
232,0.0,-2.541015625,-2.541015625,0.5177026882022486,-2.5424080985204367,noise_batina_results
233,0.0,-2.544921875,-2.544921875,0.5094974809341006,-2.5424080985204367,noise_batina_results
234,0.0,-2.546875,-2.546875,0.5034847723534439,-2.5424080985204367,noise_batina_results
235,0.0,2.541015625,2.541015625,0.4852656390623083,-2.5424080985204367,noise_batina_results
236,0.0,-2.5390625,-2.5390625,0.4835465332029301,-2.5424080985204367,noise_batina_results
237,0.0,-2.537109375,-2.537109375,0.47481635168733305,-2.5424080985204367,noise_batina_results
238,0.0,-2.548828125,-2.548828125,0.4722408933638847,-2.5424080985204367,noise_batina_results
239,0.0,2.544921875,2.544921875,0.4714732318694498,-2.5424080985204367,noise_batina_results
240,0.0,0.8994140625,0.8994140625,0.2928755175891365,0.8991202979352915,noise_batina_results
241,0.0,0.89892578125,0.89892578125,0.2371594622354649,0.8991202979352915,noise_batina_results
242,0.0,-0.8994140625,-0.8994140625,0.2262179412023067,0.8991202979352915,noise_batina_results
243,0.0,0.9013671875,0.9013671875,0.21152375777730312,0.8991202979352915,noise_batina_results
244,0.0,0.89697265625,0.89697265625,0.20414801788594134,0.8991202979352915,noise_batina_results
245,0.0,0.89794921875,0.89794921875,0.20122370336254297,0.8991202979352915,noise_batina_results
246,0.0,0.89990234375,0.89990234375,0.18403658751648636,0.8991202979352915,noise_batina_results
247,0.0,0.8984375,0.8984375,0.17335541966859488,0.8991202979352915,noise_batina_results
248,0.0,-0.89892578125,-0.89892578125,0.17237425959802757,0.8991202979352915,noise_batina_results
249,0.0,-0.9013671875,-0.9013671875,0.15363794789008142,0.8991202979352915,noise_batina_results
250,0.0,-2.3125,-2.3125,0.5973586053234541,-2.312534643149382,noise_batina_results
251,0.0,2.3125,2.3125,0.5554811041419382,-2.312534643149382,noise_batina_results
252,0.0,-2.310546875,-2.310546875,0.5140256681678235,-2.312534643149382,noise_batina_results
253,0.0,-2.314453125,-2.314453125,0.4858962933930657,-2.312534643149382,noise_batina_results
254,0.0,2.310546875,2.310546875,0.46515097563615826,-2.312534643149382,noise_batina_results
255,0.0,-2.322265625,-2.322265625,0.45189263030550686,-2.312534643149382,noise_batina_results
256,0.0,2.314453125,2.314453125,0.4399122563507844,-2.312534643149382,noise_batina_results
257,0.0,-2.27734375,-2.27734375,0.4132688036075576,-2.312534643149382,noise_batina_results
258,0.0,2.322265625,2.322265625,0.40433706275168385,-2.312534643149382,noise_batina_results
259,0.0,-2.26953125,-2.26953125,0.38570480580873856,-2.312534643149382,noise_batina_results
260,0.0,-4.41796875,-4.41796875,0.653578151653167,-4.418067944059411,noise_batina_results
261,0.0,4.41796875,4.41796875,0.6195792991343856,-4.418067944059411,noise_batina_results
262,0.0,-4.421875,-4.421875,0.5698270158272605,-4.418067944059411,noise_batina_results
263,0.0,-4.4140625,-4.4140625,0.564893181131467,-4.418067944059411,noise_batina_results
264,0.0,-4.41015625,-4.41015625,0.5433701245230107,-4.418067944059411,noise_batina_results
265,0.0,-4.40625,-4.40625,0.5431860961929647,-4.418067944059411,noise_batina_results
266,0.0,-4.42578125,-4.42578125,0.5414886348122165,-4.418067944059411,noise_batina_results
267,0.0,-4.44140625,-4.44140625,0.5410230813620186,-4.418067944059411,noise_batina_results
268,0.0,4.421875,4.421875,0.537294852873875,-4.418067944059411,noise_batina_results
269,0.0,-4.43359375,-4.43359375,0.5329850414580709,-4.418067944059411,noise_batina_results
270,0.0,0.1922607421875,0.1922607421875,0.3273634905708199,0.1922099993750821,noise_batina_results
271,0.0,-0.1922607421875,-0.1922607421875,0.2628671427928755,0.1922099993750821,noise_batina_results
272,0.0,0.1923828125,0.1923828125,0.2574986758919819,0.1922099993750821,noise_batina_results
273,0.0,0.1920166015625,0.1920166015625,0.2434527874964789,0.1922099993750821,noise_batina_results
274,0.0,0.1925048828125,0.1925048828125,0.23614437159296564,0.1922099993750821,noise_batina_results
275,0.0,0.192138671875,0.192138671875,0.23283573747654424,0.1922099993750821,noise_batina_results
276,0.0,0.19189453125,0.19189453125,0.22287586551984098,0.1922099993750821,noise_batina_results
277,0.0,0.1915283203125,0.1915283203125,0.21022563432895064,0.1922099993750821,noise_batina_results
278,0.0,0.19140625,0.19140625,0.2088746951872933,0.1922099993750821,noise_batina_results
279,0.0,0.1927490234375,0.1927490234375,0.2053952588329484,0.1922099993750821,noise_batina_results
280,0.0,0.41259765625,0.41259765625,0.36736008071918086,0.4125611932270208,noise_batina_results
281,0.0,-0.41259765625,-0.41259765625,0.3102909170202458,0.4125611932270208,noise_batina_results
282,0.0,0.412353515625,0.412353515625,0.2641989609567598,0.4125611932270208,noise_batina_results
283,0.0,0.412841796875,0.412841796875,0.2339975945902171,0.4125611932270208,noise_batina_results
284,0.0,0.412109375,0.412109375,0.21893390159925136,0.4125611932270208,noise_batina_results
285,0.0,0.41162109375,0.41162109375,0.21398486398925046,0.4125611932270208,noise_batina_results
286,0.0,0.4130859375,0.4130859375,0.20755953182369993,0.4125611932270208,noise_batina_results
287,0.0,-0.412353515625,-0.412353515625,0.20347615283742723,0.4125611932270208,noise_batina_results
288,0.0,0.411865234375,0.411865234375,0.19543563759374155,0.4125611932270208,noise_batina_results
289,0.0,0.41357421875,0.41357421875,0.18473775643609971,0.4125611932270208,noise_batina_results
290,0.0,1.6005859375,1.6005859375,0.31642556140896716,1.601105320238723,noise_batina_results
291,0.0,1.6025390625,1.6025390625,0.2812231254608017,1.601105320238723,noise_batina_results
292,0.0,1.6015625,1.6015625,0.2683201310711389,1.601105320238723,noise_batina_results
293,0.0,1.6044921875,1.6044921875,0.26247464413162014,1.601105320238723,noise_batina_results
294,0.0,1.59765625,1.59765625,0.25159070762902935,1.601105320238723,noise_batina_results
295,0.0,-1.6005859375,-1.6005859375,0.2397536982460932,1.601105320238723,noise_batina_results
296,0.0,1.6064453125,1.6064453125,0.22915514156468572,1.601105320238723,noise_batina_results
297,0.0,-1.6025390625,-1.6025390625,0.20293055304775556,1.601105320238723,noise_batina_results
298,0.0,1.603515625,1.603515625,0.19544046275295063,1.601105320238723,noise_batina_results
299,0.0,1.60546875,1.60546875,0.19450533927575486,1.601105320238723,noise_batina_results
300,0.0,-0.56103515625,-0.56103515625,0.2659327253177137,-0.5602622807179242,noise_batina_results
301,0.0,-0.560546875,-0.560546875,0.2578085011027498,-0.5602622807179242,noise_batina_results
302,0.0,-0.5595703125,-0.5595703125,0.2526546260919967,-0.5602622807179242,noise_batina_results
303,0.0,-0.55859375,-0.55859375,0.24649826863996613,-0.5602622807179242,noise_batina_results
304,0.0,-0.56005859375,-0.56005859375,0.24644774643781667,-0.5602622807179242,noise_batina_results
305,0.0,-0.5615234375,-0.5615234375,0.21714724396025772,-0.5602622807179242,noise_batina_results
306,0.0,-0.55908203125,-0.55908203125,0.19561550634172323,-0.5602622807179242,noise_batina_results
307,0.0,0.56103515625,0.56103515625,0.19338413717975922,-0.5602622807179242,noise_batina_results
308,0.0,0.5595703125,0.5595703125,0.1848767884465261,-0.5602622807179242,noise_batina_results
309,0.0,0.560546875,0.560546875,0.18456974909212695,-0.5602622807179242,noise_batina_results
310,0.0,1.47265625,1.47265625,0.3059472532857696,1.4729173184709605,noise_batina_results
311,0.0,1.4736328125,1.4736328125,0.2870189137236743,1.4729173184709605,noise_batina_results
312,0.0,1.4716796875,1.4716796875,0.246306920787963,1.4729173184709605,noise_batina_results
313,0.0,1.470703125,1.470703125,0.2366725437608131,1.4729173184709605,noise_batina_results
314,0.0,-1.47265625,-1.47265625,0.23419531155902762,1.4729173184709605,noise_batina_results
315,0.0,-1.4736328125,-1.4736328125,0.2202181108949287,1.4729173184709605,noise_batina_results
316,0.0,1.474609375,1.474609375,0.21103093034740403,1.4729173184709605,noise_batina_results
317,0.0,1.4755859375,1.4755859375,0.20755086718413773,1.4729173184709605,noise_batina_results
318,0.0,1.4697265625,1.4697265625,0.2000586302777659,1.4729173184709605,noise_batina_results
319,0.0,1.4765625,1.4765625,0.18308011394230383,1.4729173184709605,noise_batina_results
320,0.0,1.337890625,1.337890625,0.27073583665304485,1.338180677024956,noise_batina_results
321,0.0,1.3369140625,1.3369140625,0.27027474571241306,1.338180677024956,noise_batina_results
322,0.0,1.3359375,1.3359375,0.2420955813618204,1.338180677024956,noise_batina_results
323,0.0,1.3388671875,1.3388671875,0.24039888730127104,1.338180677024956,noise_batina_results
324,0.0,1.3349609375,1.3349609375,0.22477280434050662,1.338180677024956,noise_batina_results
325,0.0,-1.337890625,-1.337890625,0.21515700584053604,1.338180677024956,noise_batina_results
326,0.0,-1.3369140625,-1.3369140625,0.21427489285570217,1.338180677024956,noise_batina_results
327,0.0,1.333984375,1.333984375,0.20966745699892061,1.338180677024956,noise_batina_results
328,0.0,1.33984375,1.33984375,0.20258340691377597,1.338180677024956,noise_batina_results
329,0.0,-1.3359375,-1.3359375,0.18463197577029986,1.338180677024956,noise_batina_results
330,0.0,-1.197265625,-1.197265625,0.3793348738292037,-1.1971125100781954,noise_batina_results
331,0.0,1.197265625,1.197265625,0.3465524008881248,-1.1971125100781954,noise_batina_results
332,0.0,-1.1962890625,-1.1962890625,0.2566349186917983,-1.1971125100781954,noise_batina_results
333,0.0,1.1962890625,1.1962890625,0.2265380607625129,-1.1971125100781954,noise_batina_results
334,0.0,-1.1943359375,-1.1943359375,0.20330415631609014,-1.1971125100781954,noise_batina_results
335,0.0,-1.1982421875,-1.1982421875,0.20304608214203562,-1.1971125100781954,noise_batina_results
336,0.0,-1.193359375,-1.193359375,0.17952215170936303,-1.1971125100781954,noise_batina_results
337,0.0,-1.1953125,-1.1953125,0.17616598778839174,-1.1971125100781954,noise_batina_results
338,0.0,1.1982421875,1.1982421875,0.17566941287918053,-1.1971125100781954,noise_batina_results
339,0.0,1.1943359375,1.1943359375,0.17290992076713824,-1.1971125100781954,noise_batina_results
340,0.0,-1.7509765625,-1.7509765625,0.28443380253186495,-1.750406356585609,noise_batina_results
341,0.0,-1.75,-1.75,0.24350288438059992,-1.750406356585609,noise_batina_results
342,0.0,-1.751953125,-1.751953125,0.24164987733250454,-1.750406356585609,noise_batina_results
343,0.0,1.7509765625,1.7509765625,0.23120207990226146,-1.750406356585609,noise_batina_results
344,0.0,-1.7568359375,-1.7568359375,0.2293533092589227,-1.750406356585609,noise_batina_results
345,0.0,1.751953125,1.751953125,0.19029448428022006,-1.750406356585609,noise_batina_results
346,0.0,1.75,1.75,0.18805911330049108,-1.750406356585609,noise_batina_results
347,0.0,1.7568359375,1.7568359375,0.17080494486293715,-1.750406356585609,noise_batina_results
348,0.0,-1.6689453125,-1.6689453125,0.10394250212548928,-1.750406356585609,noise_batina_results
349,0.0,-1.6669921875,-1.6669921875,0.09872441829075337,-1.750406356585609,noise_batina_results
350,0.0,3.8984375,3.8984375,0.6134919845337401,3.8985805591059535,noise_batina_results
351,0.0,3.900390625,3.900390625,0.5794316465130276,3.8985805591059535,noise_batina_results
352,0.0,-3.8984375,-3.8984375,0.579310417999737,3.8985805591059535,noise_batina_results
353,0.0,3.896484375,3.896484375,0.5619405915642008,3.8985805591059535,noise_batina_results
354,0.0,3.890625,3.890625,0.5499585294962561,3.8985805591059535,noise_batina_results
355,0.0,3.89453125,3.89453125,0.5485899004821554,3.8985805591059535,noise_batina_results
356,0.0,-3.900390625,-3.900390625,0.5457553457036327,3.8985805591059535,noise_batina_results
357,0.0,3.8828125,3.8828125,0.5443872263566072,3.8985805591059535,noise_batina_results
358,0.0,3.908203125,3.908203125,0.5420491192673887,3.8985805591059535,noise_batina_results
359,0.0,3.90625,3.90625,0.5417252499932576,3.8985805591059535,noise_batina_results
360,0.0,0.36328125,0.36328125,0.3914882786781495,0.36329570643580544,noise_batina_results
361,0.0,-0.36328125,-0.36328125,0.34713236410310894,0.36329570643580544,noise_batina_results
362,0.0,0.36279296875,0.36279296875,0.27000014850983595,0.36329570643580544,noise_batina_results
363,0.0,0.363525390625,0.363525390625,0.2621332687875306,0.36329570643580544,noise_batina_results
364,0.0,0.363037109375,0.363037109375,0.24643126577659644,0.36329570643580544,noise_batina_results
365,0.0,-0.36279296875,-0.36279296875,0.2256461988962066,0.36329570643580544,noise_batina_results
366,0.0,-0.363525390625,-0.363525390625,0.21441777865804001,0.36329570643580544,noise_batina_results
367,0.0,-0.363037109375,-0.363037109375,0.2027619963102712,0.36329570643580544,noise_batina_results
368,0.0,0.364013671875,0.364013671875,0.17639321979561542,0.36329570643580544,noise_batina_results
369,0.0,0.3623046875,0.3623046875,0.17370123812405872,0.36329570643580544,noise_batina_results
370,0.0,-0.45361328125,-0.45361328125,0.2742993466582652,-0.4536570881645935,noise_batina_results
371,0.0,-0.453857421875,-0.453857421875,0.26033275798061256,-0.4536570881645935,noise_batina_results
372,0.0,0.45361328125,0.45361328125,0.2228263293099748,-0.4536570881645935,noise_batina_results
373,0.0,-0.453369140625,-0.453369140625,0.20892637983352028,-0.4536570881645935,noise_batina_results
374,0.0,0.453857421875,0.453857421875,0.2075942902011878,-0.4536570881645935,noise_batina_results
375,0.0,-0.453125,-0.453125,0.19756906177148387,-0.4536570881645935,noise_batina_results
376,0.0,-0.454345703125,-0.454345703125,0.18319150081362814,-0.4536570881645935,noise_batina_results
377,0.0,-0.4541015625,-0.4541015625,0.16893570474816025,-0.4536570881645935,noise_batina_results
378,0.0,-0.452392578125,-0.452392578125,0.1557913570301099,-0.4536570881645935,noise_batina_results
379,0.0,0.453369140625,0.453369140625,0.15452791655759204,-0.4536570881645935,noise_batina_results
380,0.0,-0.81787109375,-0.81787109375,0.33567780837142386,-0.8179137779650097,noise_batina_results
381,0.0,0.81787109375,0.81787109375,0.2787618525810686,-0.8179137779650097,noise_batina_results
382,0.0,-0.818359375,-0.818359375,0.24384370115870585,-0.8179137779650097,noise_batina_results
383,0.0,-0.8173828125,-0.8173828125,0.22865602053095382,-0.8179137779650097,noise_batina_results
384,0.0,-0.8193359375,-0.8193359375,0.20224313546041156,-0.8179137779650097,noise_batina_results
385,0.0,-0.81689453125,-0.81689453125,0.18500891255439145,-0.8179137779650097,noise_batina_results
386,0.0,0.818359375,0.818359375,0.18389497739038338,-0.8179137779650097,noise_batina_results
387,0.0,0.8173828125,0.8173828125,0.17143721832511039,-0.8179137779650097,noise_batina_results
388,0.0,-0.81982421875,-0.81982421875,0.16971023727885404,-0.8179137779650097,noise_batina_results
389,0.0,-0.8203125,-0.8203125,0.1583421815652707,-0.8179137779650097,noise_batina_results
390,0.0,-2.154296875,-2.154296875,0.5405379586807483,-2.154183054378577,noise_batina_results
391,0.0,2.154296875,2.154296875,0.5036232311475087,-2.154183054378577,noise_batina_results
392,0.0,-2.15234375,-2.15234375,0.4398823368015524,-2.154183054378577,noise_batina_results
393,0.0,-2.162109375,-2.162109375,0.4294537140584375,-2.154183054378577,noise_batina_results
394,0.0,-2.158203125,-2.158203125,0.42659642834285894,-2.154183054378577,noise_batina_results
395,0.0,-2.15625,-2.15625,0.42424141523787984,-2.154183054378577,noise_batina_results
396,0.0,-2.16015625,-2.16015625,0.40170185251765306,-2.154183054378577,noise_batina_results
397,0.0,2.15234375,2.15234375,0.4011303780070173,-2.154183054378577,noise_batina_results
398,0.0,-2.1640625,-2.1640625,0.3944181200324689,-2.154183054378577,noise_batina_results
399,0.0,2.162109375,2.162109375,0.38941510189142065,-2.154183054378577,noise_batina_results
400,0.0,0.3837890625,0.3837890625,0.2993643023457635,0.38383528767273933,noise_batina_results
401,0.0,-0.3837890625,-0.3837890625,0.24058110393028823,0.38383528767273933,noise_batina_results
402,0.0,0.38330078125,0.38330078125,0.23370373423271035,0.38383528767273933,noise_batina_results
403,0.0,0.384033203125,0.384033203125,0.2318052486199926,0.38383528767273933,noise_batina_results
404,0.0,0.383544921875,0.383544921875,0.21095911627979905,0.38383528767273933,noise_batina_results
405,0.0,0.3828125,0.3828125,0.18819638806184105,0.38383528767273933,noise_batina_results
406,0.0,-0.384033203125,-0.384033203125,0.17289303487537488,0.38383528767273933,noise_batina_results
407,0.0,-0.38330078125,-0.38330078125,0.17283358669278698,0.38383528767273933,noise_batina_results
408,0.0,0.384765625,0.384765625,0.16606810973738587,0.38383528767273933,noise_batina_results
409,0.0,0.383056640625,0.383056640625,0.1564079214525399,0.38383528767273933,noise_batina_results
410,0.0,-0.1837158203125,-0.1837158203125,0.3935451088079958,-0.1837011146260592,noise_batina_results
411,0.0,0.1837158203125,0.1837158203125,0.33566236431735474,-0.1837011146260592,noise_batina_results
412,0.0,-0.18359375,-0.18359375,0.26207376548993444,-0.1837011146260592,noise_batina_results
413,0.0,-0.1834716796875,-0.1834716796875,0.24915832840978902,-0.1837011146260592,noise_batina_results
414,0.0,-0.183837890625,-0.183837890625,0.22951776225352016,-0.1837011146260592,noise_batina_results
415,0.0,-0.1839599609375,-0.1839599609375,0.22143663126039137,-0.1837011146260592,noise_batina_results
416,0.0,-0.18310546875,-0.18310546875,0.2155873361780686,-0.1837011146260592,noise_batina_results
417,0.0,0.18359375,0.18359375,0.2055534505708443,-0.1837011146260592,noise_batina_results
418,0.0,-0.18408203125,-0.18408203125,0.19910326856326804,-0.1837011146260592,noise_batina_results
419,0.0,0.1834716796875,0.1834716796875,0.19908706294571527,-0.1837011146260592,noise_batina_results
420,0.0,-1.1513671875,-1.1513671875,0.2940193995877316,-1.1506938496397279,noise_batina_results
421,0.0,-1.150390625,-1.150390625,0.26399314744950886,-1.1506938496397279,noise_batina_results
422,0.0,1.1513671875,1.1513671875,0.23830672912016468,-1.1506938496397279,noise_batina_results
423,0.0,-1.15234375,-1.15234375,0.2150893691814927,-1.1506938496397279,noise_batina_results
424,0.0,1.150390625,1.150390625,0.206568132750352,-1.1506938496397279,noise_batina_results
425,0.0,-1.1474609375,-1.1474609375,0.201653860840282,-1.1506938496397279,noise_batina_results
426,0.0,-1.1494140625,-1.1494140625,0.19426559382403263,-1.1506938496397279,noise_batina_results
427,0.0,-1.1484375,-1.1484375,0.18581217011216664,-1.1506938496397279,noise_batina_results
428,0.0,-1.1533203125,-1.1533203125,0.1775619894594372,-1.1506938496397279,noise_batina_results
429,0.0,-1.1552734375,-1.1552734375,0.17018364969068353,-1.1506938496397279,noise_batina_results
430,0.0,-0.75439453125,-0.75439453125,0.30401913504085754,-0.7541898862325577,noise_batina_results
431,0.0,-0.7548828125,-0.7548828125,0.2783922632630908,-0.7541898862325577,noise_batina_results
432,0.0,-0.75390625,-0.75390625,0.2575217685624891,-0.7541898862325577,noise_batina_results
433,0.0,-0.75537109375,-0.75537109375,0.2292451307682583,-0.7541898862325577,noise_batina_results
434,0.0,0.75439453125,0.75439453125,0.22786047699050058,-0.7541898862325577,noise_batina_results
435,0.0,0.7548828125,0.7548828125,0.203650726509233,-0.7541898862325577,noise_batina_results
436,0.0,-0.7529296875,-0.7529296875,0.19340138506934318,-0.7541898862325577,noise_batina_results
437,0.0,-0.75341796875,-0.75341796875,0.18648352131671525,-0.7541898862325577,noise_batina_results
438,0.0,0.75390625,0.75390625,0.18394253653991352,-0.7541898862325577,noise_batina_results
439,0.0,0.75537109375,0.75537109375,0.15593542110286993,-0.7541898862325577,noise_batina_results
440,0.0,-0.2227783203125,-0.2227783203125,0.2750287512805862,-0.22271710807204637,noise_batina_results
441,0.0,-0.22265625,-0.22265625,0.23934417618282156,-0.22271710807204637,noise_batina_results
442,0.0,0.2227783203125,0.2227783203125,0.22607145941255954,-0.22271710807204637,noise_batina_results
443,0.0,-0.222900390625,-0.222900390625,0.2069243765637894,-0.22271710807204637,noise_batina_results
444,0.0,0.22265625,0.22265625,0.18712075746929227,-0.22271710807204637,noise_batina_results
445,0.0,0.222900390625,0.222900390625,0.15580088693733665,-0.22271710807204637,noise_batina_results
446,0.0,-0.2188720703125,-0.2188720703125,0.1344012964159056,-0.22271710807204637,noise_batina_results
447,0.0,-0.2266845703125,-0.2266845703125,0.11691643221701786,-0.22271710807204637,noise_batina_results
448,0.0,-0.21923828125,-0.21923828125,0.09958548897423344,-0.22271710807204637,noise_batina_results
449,0.0,0.2188720703125,0.2188720703125,0.08327410724059783,-0.22271710807204637,noise_batina_results
450,0.0,0.44091796875,0.44091796875,0.5123999263241847,0.44091556887017314,noise_batina_results
451,0.0,-0.44091796875,-0.44091796875,0.4589577963015304,0.44091556887017314,noise_batina_results
452,0.0,0.441162109375,0.441162109375,0.27367584943320356,0.44091556887017314,noise_batina_results
453,0.0,0.440673828125,0.440673828125,0.25977879822387767,0.44091556887017314,noise_batina_results
454,0.0,0.44140625,0.44140625,0.25954249546560143,0.44091556887017314,noise_batina_results
455,0.0,0.439208984375,0.439208984375,0.21916326001081596,0.44091556887017314,noise_batina_results
456,0.0,-0.441162109375,-0.441162109375,0.21863116323310136,0.44091556887017314,noise_batina_results
457,0.0,0.4404296875,0.4404296875,0.21624399494567642,0.44091556887017314,noise_batina_results
458,0.0,-0.440673828125,-0.440673828125,0.20245425519015553,0.44091556887017314,noise_batina_results
459,0.0,-0.44140625,-0.44140625,0.202091221463451,0.44091556887017314,noise_batina_results
460,0.0,2.77734375,2.77734375,0.6096496911513943,2.776305763664454,noise_batina_results
461,0.0,2.775390625,2.775390625,0.6063885409563098,2.776305763664454,noise_batina_results
462,0.0,-2.77734375,-2.77734375,0.5797451577829136,2.776305763664454,noise_batina_results
463,0.0,2.7734375,2.7734375,0.5744064722047665,2.776305763664454,noise_batina_results
464,0.0,-2.775390625,-2.775390625,0.5738269303856272,2.776305763664454,noise_batina_results
465,0.0,2.78125,2.78125,0.5502200080256381,2.776305763664454,noise_batina_results
466,0.0,-2.7734375,-2.7734375,0.5491918316267977,2.776305763664454,noise_batina_results
467,0.0,2.779296875,2.779296875,0.5311711738822475,2.776305763664454,noise_batina_results
468,0.0,-2.78125,-2.78125,0.5245967471624102,2.776305763664454,noise_batina_results
469,0.0,-2.779296875,-2.779296875,0.49913601299562227,2.776305763664454,noise_batina_results
470,0.0,0.382080078125,0.382080078125,0.34501359624413225,0.38201268003695965,noise_batina_results
471,0.0,0.382568359375,0.382568359375,0.3004941161391877,0.38201268003695965,noise_batina_results
472,0.0,-0.382080078125,-0.382080078125,0.2885866728879438,0.38201268003695965,noise_batina_results
473,0.0,0.3818359375,0.3818359375,0.2872285429725095,0.38201268003695965,noise_batina_results
474,0.0,0.38232421875,0.38232421875,0.263259537465889,0.38201268003695965,noise_batina_results
475,0.0,0.381591796875,0.381591796875,0.24415780988066993,0.38201268003695965,noise_batina_results
476,0.0,-0.382568359375,-0.382568359375,0.2433266906468265,0.38201268003695965,noise_batina_results
477,0.0,0.38134765625,0.38134765625,0.23415276106536081,0.38201268003695965,noise_batina_results
478,0.0,-0.3818359375,-0.3818359375,0.22549929551003692,0.38201268003695965,noise_batina_results
479,0.0,0.381103515625,0.381103515625,0.21914591634987898,0.38201268003695965,noise_batina_results
480,0.0,-7.595866918563843e-06,-7.595866918563843e-06,0.35088067215339197,-0.49774991960139703,noise_batina_results
481,0.0,-0.497802734375,-0.497802734375,0.35088067215339197,-0.49774991960139703,noise_batina_results
482,0.0,-7.592141628265381e-06,-7.592141628265381e-06,0.2949999604002006,-0.49774991960139703,noise_batina_results
483,0.0,-0.49755859375,-0.49755859375,0.2949999604002006,-0.49774991960139703,noise_batina_results
484,0.0,0.497802734375,0.497802734375,0.2818839187800052,-0.49774991960139703,noise_batina_results
485,0.0,7.595866918563843e-06,7.595866918563843e-06,0.2818839187800052,-0.49774991960139703,noise_batina_results
486,0.0,-0.498046875,-0.498046875,0.2471487825754808,-0.49774991960139703,noise_batina_results
487,0.0,0.49755859375,0.49755859375,0.22045879542137023,-0.49774991960139703,noise_batina_results
488,0.0,7.592141628265381e-06,7.592141628265381e-06,0.22045879542137023,-0.49774991960139703,noise_batina_results
489,0.0,-0.498291015625,-0.498291015625,0.21541036891668955,-0.49774991960139703,noise_batina_results
490,0.0,0.4912109375,0.4912109375,0.38486644278465126,0.49123175623793314,noise_batina_results
491,0.0,-0.4912109375,-0.4912109375,0.33015639586000955,0.49123175623793314,noise_batina_results
492,0.0,0.491455078125,0.491455078125,0.29281050652927987,0.49123175623793314,noise_batina_results
493,0.0,0.490966796875,0.490966796875,0.2597676196442203,0.49123175623793314,noise_batina_results
494,0.0,0.491943359375,0.491943359375,0.2462055959303798,0.49123175623793314,noise_batina_results
495,0.0,0.4921875,0.4921875,0.24353847133833773,0.49123175623793314,noise_batina_results
496,0.0,0.49169921875,0.49169921875,0.24121005018227754,0.49123175623793314,noise_batina_results
497,0.0,0.49072265625,0.49072265625,0.23796386572128123,0.49123175623793314,noise_batina_results
498,0.0,-0.491455078125,-0.491455078125,0.22961212904040515,0.49123175623793314,noise_batina_results
499,0.0,0.490478515625,0.490478515625,0.2037485253035975,0.49123175623793314,noise_batina_results
500,0.0,0.07415771484375,0.07415771484375,0.3306091889639871,0.07417535255209806,noise_batina_results
501,0.0,-0.07415771484375,-0.07415771484375,0.2680544853133121,0.07417535255209806,noise_batina_results
502,0.0,0.07403564453125,0.07403564453125,0.21196729716643808,0.07417535255209806,noise_batina_results
503,0.0,0.0740966796875,0.0740966796875,0.19883801950412514,0.07417535255209806,noise_batina_results
504,0.0,0.07391357421875,0.07391357421875,0.1965977818667576,0.07417535255209806,noise_batina_results
505,0.0,1.1278316378593445e-06,1.1278316378593445e-06,0.19623240997424393,0.07417535255209806,noise_batina_results
506,0.0,0.0743408203125,0.0743408203125,0.19499631748887114,0.07417535255209806,noise_batina_results
507,0.0,0.073974609375,0.073974609375,0.17870819917057112,0.07417535255209806,noise_batina_results
508,0.0,0.07427978515625,0.07427978515625,0.16858638182755795,0.07417535255209806,noise_batina_results
509,0.0,-0.07403564453125,-0.07403564453125,0.1557196865369363,0.07417535255209806,noise_batina_results
510,0.0,-3.59765625,-3.59765625,0.5711138967487854,-3.5982694038818885,noise_batina_results
511,0.0,-3.599609375,-3.599609375,0.5670885713970758,-3.5982694038818885,noise_batina_results
512,0.0,-3.6015625,-3.6015625,0.555709474276541,-3.5982694038818885,noise_batina_results
513,0.0,3.59765625,3.59765625,0.5540483943880735,-3.5982694038818885,noise_batina_results
514,0.0,-3.595703125,-3.595703125,0.5497194184323431,-3.5982694038818885,noise_batina_results
515,0.0,-3.591796875,-3.591796875,0.5475500840978825,-3.5982694038818885,noise_batina_results
516,0.0,-3.59375,-3.59375,0.5464501070968879,-3.5982694038818885,noise_batina_results
517,0.0,3.599609375,3.599609375,0.544975298970781,-3.5982694038818885,noise_batina_results
518,0.0,-3.58984375,-3.58984375,0.5374377514167467,-3.5982694038818885,noise_batina_results
519,0.0,3.6015625,3.6015625,0.5358993415917375,-3.5982694038818885,noise_batina_results
520,0.0,0.11309814453125,0.11309814453125,0.29211960455431346,0.11311730377265872,noise_batina_results
521,0.0,0.113037109375,0.113037109375,0.2821995001022286,0.11311730377265872,noise_batina_results
522,0.0,0.1131591796875,0.1131591796875,0.27048725676704555,0.11311730377265872,noise_batina_results
523,0.0,0.11297607421875,0.11297607421875,0.2670433588283102,0.11311730377265872,noise_batina_results
524,0.0,0.11328125,0.11328125,0.2669991321725982,0.11311730377265872,noise_batina_results
525,0.0,0.11322021484375,0.11322021484375,0.260727995362791,0.11311730377265872,noise_batina_results
526,0.0,-0.11309814453125,-0.11309814453125,0.22342695900826906,0.11311730377265872,noise_batina_results
527,0.0,-0.113037109375,-0.113037109375,0.2071803338097027,0.11311730377265872,noise_batina_results
528,0.0,0.11346435546875,0.11346435546875,0.20513035707784183,0.11311730377265872,noise_batina_results
529,0.0,-0.1131591796875,-0.1131591796875,0.19952530186686152,0.11311730377265872,noise_batina_results
530,0.0,-1.875,-1.875,0.32417284644949096,-1.8756760601739506,noise_batina_results
531,0.0,-1.8759765625,-1.8759765625,0.32231518965927536,-1.8756760601739506,noise_batina_results
532,0.0,-1.8779296875,-1.8779296875,0.2710921288105504,-1.8756760601739506,noise_batina_results
533,0.0,-1.876953125,-1.876953125,0.27073938130756964,-1.8756760601739506,noise_batina_results
534,0.0,1.875,1.875,0.2530179913003844,-1.8756760601739506,noise_batina_results
535,0.0,1.8759765625,1.8759765625,0.24689684024954991,-1.8756760601739506,noise_batina_results
536,0.0,-1.8798828125,-1.8798828125,0.20742801151509588,-1.8756760601739506,noise_batina_results
537,0.0,-1.880859375,-1.880859375,0.19960467220868172,-1.8756760601739506,noise_batina_results
538,0.0,1.876953125,1.876953125,0.19905755904539046,-1.8756760601739506,noise_batina_results
539,0.0,1.8779296875,1.8779296875,0.1950512407678385,-1.8756760601739506,noise_batina_results
540,0.0,-0.302978515625,-0.302978515625,0.29795604431282663,-0.3028679344018995,noise_batina_results
541,0.0,-0.302490234375,-0.302490234375,0.24804059789222632,-0.3028679344018995,noise_batina_results
542,0.0,0.302978515625,0.302978515625,0.24732329134007824,-0.3028679344018995,noise_batina_results
543,0.0,-0.302734375,-0.302734375,0.2402415750346953,-0.3028679344018995,noise_batina_results
544,0.0,-0.30322265625,-0.30322265625,0.22733128101547412,-0.3028679344018995,noise_batina_results
545,0.0,-0.30224609375,-0.30224609375,0.20531800945259138,-0.3028679344018995,noise_batina_results
546,0.0,0.302490234375,0.302490234375,0.1991597804558401,-0.3028679344018995,noise_batina_results
547,0.0,0.302734375,0.302734375,0.19050811817804011,-0.3028679344018995,noise_batina_results
548,0.0,-0.302001953125,-0.302001953125,0.1888641367800839,-0.3028679344018995,noise_batina_results
549,0.0,0.30322265625,0.30322265625,0.1778536762179022,-0.3028679344018995,noise_batina_results
550,0.0,-1.4501953125,-1.4501953125,0.3148035917686318,-1.4501606149056778,noise_batina_results
551,0.0,-1.451171875,-1.451171875,0.25448067126238977,-1.4501606149056778,noise_batina_results
552,0.0,1.4501953125,1.4501953125,0.25042040454465136,-1.4501606149056778,noise_batina_results
553,0.0,-1.4521484375,-1.4521484375,0.21480230326244515,-1.4501606149056778,noise_batina_results
554,0.0,1.451171875,1.451171875,0.19253644379873244,-1.4501606149056778,noise_batina_results
555,0.0,-1.4482421875,-1.4482421875,0.1902225244552193,-1.4501606149056778,noise_batina_results
556,0.0,-1.44921875,-1.44921875,0.16543862094020156,-1.4501606149056778,noise_batina_results
557,0.0,-1.4541015625,-1.4541015625,0.16323229093889144,-1.4501606149056778,noise_batina_results
558,0.0,1.4521484375,1.4521484375,0.15224255508393453,-1.4501606149056778,noise_batina_results
559,0.0,-1.453125,-1.453125,0.1509659954497192,-1.4501606149056778,noise_batina_results
560,0.0,-3.72265625,-3.72265625,0.604046789300511,-3.7230074481449726,noise_batina_results
561,0.0,-3.724609375,-3.724609375,0.569872504310857,-3.7230074481449726,noise_batina_results
562,0.0,3.72265625,3.72265625,0.5688566945005472,-3.7230074481449726,noise_batina_results
563,0.0,-3.720703125,-3.720703125,0.5542289520409559,-3.7230074481449726,noise_batina_results
564,0.0,-3.71875,-3.71875,0.5456245323260558,-3.7230074481449726,noise_batina_results
565,0.0,-3.71484375,-3.71484375,0.5453967312130177,-3.7230074481449726,noise_batina_results
566,0.0,-3.728515625,-3.728515625,0.5446402910144543,-3.7230074481449726,noise_batina_results
567,0.0,-3.716796875,-3.716796875,0.5439205979285486,-3.7230074481449726,noise_batina_results
568,0.0,-3.734375,-3.734375,0.5367635692912658,-3.7230074481449726,noise_batina_results
569,0.0,-3.7265625,-3.7265625,0.5341032592455724,-3.7230074481449726,noise_batina_results
570,0.0,1.515625,1.515625,0.332339887368039,1.515463574597912,noise_batina_results
571,0.0,1.5166015625,1.5166015625,0.2949081718653002,1.515463574597912,noise_batina_results
572,0.0,1.513671875,1.513671875,0.28676132940893245,1.515463574597912,noise_batina_results
573,0.0,-1.515625,-1.515625,0.2753142566260048,1.515463574597912,noise_batina_results
574,0.0,1.51171875,1.51171875,0.25510156415984725,1.515463574597912,noise_batina_results
575,0.0,1.5146484375,1.5146484375,0.2525278804729103,1.515463574597912,noise_batina_results
576,0.0,1.51953125,1.51953125,0.24747930731375348,1.515463574597912,noise_batina_results
577,0.0,-1.5166015625,-1.5166015625,0.23431540654652086,1.515463574597912,noise_batina_results
578,0.0,-1.513671875,-1.513671875,0.2251476898280485,1.515463574597912,noise_batina_results
579,0.0,1.5205078125,1.5205078125,0.2232049166702085,1.515463574597912,noise_batina_results
580,0.0,-0.448486328125,-0.448486328125,0.2830561864814657,-0.44834292773739803,noise_batina_results
581,0.0,-0.44775390625,-0.44775390625,0.2585914817306823,-0.44834292773739803,noise_batina_results
582,0.0,-0.447998046875,-0.447998046875,0.23993443515270982,-0.44834292773739803,noise_batina_results
583,0.0,0.448486328125,0.448486328125,0.22056168826703046,-0.44834292773739803,noise_batina_results
584,0.0,-0.449462890625,-0.449462890625,0.21742784682781352,-0.44834292773739803,noise_batina_results
585,0.0,-0.447265625,-0.447265625,0.21384800977747515,-0.44834292773739803,noise_batina_results
586,0.0,-0.4482421875,-0.4482421875,0.20794802480476782,-0.44834292773739803,noise_batina_results
587,0.0,-0.448974609375,-0.448974609375,0.19707468857701338,-0.44834292773739803,noise_batina_results
588,0.0,0.44775390625,0.44775390625,0.18879723184700303,-0.44834292773739803,noise_batina_results
589,0.0,0.447998046875,0.447998046875,0.1715381733317461,-0.44834292773739803,noise_batina_results
590,0.0,1.248046875,1.248046875,0.28736631062013407,1.247730927856383,noise_batina_results
591,0.0,0.0780029296875,0.0780029296875,0.2799754645476399,1.247730927856383,noise_batina_results
592,0.0,1.2490234375,1.2490234375,0.22499797596518922,1.247730927856383,noise_batina_results
593,0.0,1.2470703125,1.2470703125,0.22210541127348504,1.247730927856383,noise_batina_results
594,0.0,0.07806396484375,0.07806396484375,0.21777121095415253,1.247730927856383,noise_batina_results
595,0.0,0.07794189453125,0.07794189453125,0.21462839130294778,1.247730927856383,noise_batina_results
596,0.0,-1.248046875,-1.248046875,0.20752635232087122,1.247730927856383,noise_batina_results
597,0.0,-0.0780029296875,-0.0780029296875,0.19977310511289476,1.247730927856383,noise_batina_results
598,0.0,1.2529296875,1.2529296875,0.18301821427882675,1.247730927856383,noise_batina_results
599,0.0,1.24609375,1.24609375,0.1712286200025551,1.247730927856383,noise_batina_results
600,0.0,1.2197265625,1.2197265625,0.2461856435243188,1.2201106955765373,noise_batina_results
601,0.0,1.220703125,1.220703125,0.23318703873532737,1.2201106955765373,noise_batina_results
602,0.0,1.21875,1.21875,0.21556859417020516,1.2201106955765373,noise_batina_results
603,0.0,1.2177734375,1.2177734375,0.21208660739904522,1.2201106955765373,noise_batina_results
604,0.0,1.22265625,1.22265625,0.20843521946362115,1.2201106955765373,noise_batina_results
605,0.0,-1.2197265625,-1.2197265625,0.1848407900136107,1.2201106955765373,noise_batina_results
606,0.0,1.2216796875,1.2216796875,0.1801198707802456,1.2201106955765373,noise_batina_results
607,0.0,1.21484375,1.21484375,0.17948341839573734,1.2201106955765373,noise_batina_results
608,0.0,-1.220703125,-1.220703125,0.17004816642122653,1.2201106955765373,noise_batina_results
609,0.0,-1.21875,-1.21875,0.1545014649596461,1.2201106955765373,noise_batina_results
610,0.0,-3.990234375,-3.990234375,0.6126694493729311,-3.9899518630753237,noise_batina_results
611,0.0,3.990234375,3.990234375,0.5964078031866328,-3.9899518630753237,noise_batina_results
612,0.0,-3.986328125,-3.986328125,0.5670953909007633,-3.9899518630753237,noise_batina_results
613,0.0,3.986328125,3.986328125,0.5504170215359679,-3.9899518630753237,noise_batina_results
614,0.0,-3.994140625,-3.994140625,0.5465315055897542,-3.9899518630753237,noise_batina_results
615,0.0,-3.98828125,-3.98828125,0.5462888767611477,-3.9899518630753237,noise_batina_results
616,0.0,3.994140625,3.994140625,0.5283850275418956,-3.9899518630753237,noise_batina_results
617,0.0,3.98828125,3.98828125,0.5283111020089019,-3.9899518630753237,noise_batina_results
618,0.0,-6.0886144638061523e-05,-6.0886144638061523e-05,0.5035593415553516,-3.9899518630753237,noise_batina_results
619,0.0,6.0886144638061523e-05,6.0886144638061523e-05,0.48162960783653824,-3.9899518630753237,noise_batina_results
620,0.0,-3.439453125,-3.439453125,0.5900082513637468,-3.439622534831136,noise_batina_results
621,0.0,3.439453125,3.439453125,0.5671173075690301,-3.439622534831136,noise_batina_results
622,0.0,-3.4375,-3.4375,0.5652772425884552,-3.439622534831136,noise_batina_results
623,0.0,-3.435546875,-3.435546875,0.5532397449964385,-3.439622534831136,noise_batina_results
624,0.0,-3.443359375,-3.443359375,0.5512840544615253,-3.439622534831136,noise_batina_results
625,0.0,-3.44140625,-3.44140625,0.5454497009204556,-3.439622534831136,noise_batina_results
626,0.0,3.4375,3.4375,0.5428659343669275,-3.439622534831136,noise_batina_results
627,0.0,-3.4296875,-3.4296875,0.5330028246069781,-3.439622534831136,noise_batina_results
628,0.0,-3.4453125,-3.4453125,0.5243204942070672,-3.439622534831136,noise_batina_results
629,0.0,3.443359375,3.443359375,0.5234301291657262,-3.439622534831136,noise_batina_results
630,0.0,-3.62890625,-3.62890625,0.565580617556437,-3.6287320894436634,noise_batina_results
631,0.0,-3.626953125,-3.626953125,0.5552220772869325,-3.6287320894436634,noise_batina_results
632,0.0,-3.630859375,-3.630859375,0.5545039188996667,-3.6287320894436634,noise_batina_results
633,0.0,-3.625,-3.625,0.5496206487528666,-3.6287320894436634,noise_batina_results
634,0.0,3.62890625,3.62890625,0.5385253600261087,-3.6287320894436634,noise_batina_results
635,0.0,-3.623046875,-3.623046875,0.5333211442854532,-3.6287320894436634,noise_batina_results
636,0.0,3.626953125,3.626953125,0.5281248970547593,-3.6287320894436634,noise_batina_results
637,0.0,3.630859375,3.630859375,0.5278523242262222,-3.6287320894436634,noise_batina_results
638,0.0,-3.63671875,-3.63671875,0.523484745908601,-3.6287320894436634,noise_batina_results
639,0.0,-3.6328125,-3.6328125,0.5210579832954377,-3.6287320894436634,noise_batina_results
640,0.0,2.533203125,2.533203125,0.5653389856621925,2.53434041927921,noise_batina_results
641,0.0,-2.533203125,-2.533203125,0.5346189724647256,2.53434041927921,noise_batina_results
642,0.0,2.53515625,2.53515625,0.5310711004728912,2.53434041927921,noise_batina_results
643,0.0,2.525390625,2.525390625,0.5171482619455686,2.53434041927921,noise_batina_results
644,0.0,2.53125,2.53125,0.5126370279462745,2.53434041927921,noise_batina_results
645,0.0,2.537109375,2.537109375,0.5086556212356468,2.53434041927921,noise_batina_results
646,0.0,2.52734375,2.52734375,0.5062412150860394,2.53434041927921,noise_batina_results
647,0.0,2.5390625,2.5390625,0.5003752759989325,2.53434041927921,noise_batina_results
648,0.0,2.529296875,2.529296875,0.49907439738148757,2.53434041927921,noise_batina_results
649,0.0,-2.53515625,-2.53515625,0.4951069290220333,2.53434041927921,noise_batina_results
650,0.0,-0.6962890625,-0.6962890625,0.3756018078045444,-0.6962605797419914,noise_batina_results
651,0.0,0.6962890625,0.6962890625,0.3095544445053174,-0.6962605797419914,noise_batina_results
652,0.0,-0.69677734375,-0.69677734375,0.27638265124450945,-0.6962605797419914,noise_batina_results
653,0.0,-0.69580078125,-0.69580078125,0.2685235327898173,-0.6962605797419914,noise_batina_results
654,0.0,-0.6953125,-0.6953125,0.24432072997149237,-0.6962605797419914,noise_batina_results
655,0.0,-0.69775390625,-0.69775390625,0.24101250442812924,-0.6962605797419914,noise_batina_results
656,0.0,-0.697265625,-0.697265625,0.22545897088017805,-0.6962605797419914,noise_batina_results
657,0.0,0.69677734375,0.69677734375,0.22021306044704358,-0.6962605797419914,noise_batina_results
658,0.0,-0.69384765625,-0.69384765625,0.2159252991497566,-0.6962605797419914,noise_batina_results
659,0.0,0.69580078125,0.69580078125,0.21098945594174429,-0.6962605797419914,noise_batina_results
660,0.0,-0.3330078125,-0.3330078125,0.42213893372060635,-0.33301053547225856,noise_batina_results
661,0.0,0.3330078125,0.3330078125,0.3584596008614431,-0.33301053547225856,noise_batina_results
662,0.0,-0.332763671875,-0.332763671875,0.224924690434925,-0.33301053547225856,noise_batina_results
663,0.0,-0.33251953125,-0.33251953125,0.22467480969391168,-0.33301053547225856,noise_batina_results
664,0.0,-0.333251953125,-0.333251953125,0.21967533703890857,-0.33301053547225856,noise_batina_results
665,0.0,-0.332275390625,-0.332275390625,0.16922521454654707,-0.33301053547225856,noise_batina_results
666,0.0,0.332763671875,0.332763671875,0.16890508961925452,-0.33301053547225856,noise_batina_results
667,0.0,-0.33203125,-0.33203125,0.16881067689930723,-0.33301053547225856,noise_batina_results
668,0.0,0.33251953125,0.33251953125,0.16283974922376984,-0.33301053547225856,noise_batina_results
669,0.0,0.333251953125,0.333251953125,0.15904427104098381,-0.33301053547225856,noise_batina_results
670,0.0,2.658203125,2.658203125,0.575719093797842,2.6590360604333547,noise_batina_results
671,0.0,2.66015625,2.66015625,0.5667046510576983,2.6590360604333547,noise_batina_results
672,0.0,2.6640625,2.6640625,0.5557088770934091,2.6590360604333547,noise_batina_results
673,0.0,2.65625,2.65625,0.5499302859828755,2.6590360604333547,noise_batina_results
674,0.0,-2.658203125,-2.658203125,0.5450154326068543,2.6590360604333547,noise_batina_results
675,0.0,2.654296875,2.654296875,0.5423895900220183,2.6590360604333547,noise_batina_results
676,0.0,2.66796875,2.66796875,0.5366083104715659,2.6590360604333547,noise_batina_results
677,0.0,-2.66015625,-2.66015625,0.5331110372299251,2.6590360604333547,noise_batina_results
678,0.0,2.669921875,2.669921875,0.5294954453541367,2.6590360604333547,noise_batina_results
679,0.0,-2.6640625,-2.6640625,0.5272901083047885,2.6590360604333547,noise_batina_results
680,0.0,1.3681640625,1.3681640625,0.3773671331975406,1.3681063512622416,noise_batina_results
681,0.0,-1.3681640625,-1.3681640625,0.29406633066068494,1.3681063512622416,noise_batina_results
682,0.0,1.3671875,1.3671875,0.27039436023123725,1.3681063512622416,noise_batina_results
683,0.0,1.37109375,1.37109375,0.250028653292734,1.3681063512622416,noise_batina_results
684,0.0,1.3701171875,1.3701171875,0.24466179695450108,1.3681063512622416,noise_batina_results
685,0.0,1.369140625,1.369140625,0.2387278147053739,1.3681063512622416,noise_batina_results
686,0.0,1.3720703125,1.3720703125,0.2096834640822078,1.3681063512622416,noise_batina_results
687,0.0,-1.3671875,-1.3671875,0.18706940315031925,1.3681063512622416,noise_batina_results
688,0.0,1.3662109375,1.3662109375,0.17534955884820672,1.3681063512622416,noise_batina_results
689,0.0,-1.37109375,-1.37109375,0.16841748608983442,1.3681063512622416,noise_batina_results
690,0.0,-1.4326171875,-1.4326171875,0.3112261532675169,-1.4323012295265447,noise_batina_results
691,0.0,1.4326171875,1.4326171875,0.2530510859877438,-1.4323012295265447,noise_batina_results
692,0.0,-1.4345703125,-1.4345703125,0.23666493593413446,-1.4323012295265447,noise_batina_results
693,0.0,-1.4375,-1.4375,0.22671907839231925,-1.4323012295265447,noise_batina_results
694,0.0,-1.43359375,-1.43359375,0.21861994744963203,-1.4323012295265447,noise_batina_results
695,0.0,-1.431640625,-1.431640625,0.21721394487769302,-1.4323012295265447,noise_batina_results
696,0.0,-1.4306640625,-1.4306640625,0.21487399608671737,-1.4323012295265447,noise_batina_results
697,0.0,-1.4296875,-1.4296875,0.1786826189918076,-1.4323012295265447,noise_batina_results
698,0.0,1.4345703125,1.4345703125,0.1759101057012066,-1.4323012295265447,noise_batina_results
699,0.0,-1.435546875,-1.435546875,0.16965125623318622,-1.4323012295265447,noise_batina_results
700,0.0,1.439453125,1.439453125,0.3400942918112351,1.4394041675542333,noise_batina_results
701,0.0,-1.439453125,-1.439453125,0.2804995764907759,1.4394041675542333,noise_batina_results
702,0.0,1.4404296875,1.4404296875,0.2526775260273384,1.4394041675542333,noise_batina_results
703,0.0,1.44140625,1.44140625,0.24459495823799354,1.4394041675542333,noise_batina_results
704,0.0,1.4384765625,1.4384765625,0.21467075733947086,1.4394041675542333,noise_batina_results
705,0.0,1.4375,1.4375,0.18830775950369705,1.4394041675542333,noise_batina_results
706,0.0,-1.4404296875,-1.4404296875,0.1877527571629118,1.4394041675542333,noise_batina_results
707,0.0,-1.44140625,-1.44140625,0.17926927294830358,1.4394041675542333,noise_batina_results
708,0.0,1.4443359375,1.4443359375,0.1648105191887459,1.4394041675542333,noise_batina_results
709,0.0,-1.4384765625,-1.4384765625,0.14758378967226984,1.4394041675542333,noise_batina_results
710,0.0,0.2027587890625,0.2027587890625,0.4091909331275248,0.20276745754202607,noise_batina_results
711,0.0,-0.2027587890625,-0.2027587890625,0.3408578435979503,0.20276745754202607,noise_batina_results
712,0.0,0.202880859375,0.202880859375,0.28658985444955315,0.20276745754202607,noise_batina_results
713,0.0,0.20263671875,0.20263671875,0.28186027712250916,0.20276745754202607,noise_batina_results
714,0.0,0.202392578125,0.202392578125,0.2550103903142205,0.20276745754202607,noise_batina_results
715,0.0,0.2021484375,0.2021484375,0.25355432500198577,0.20276745754202607,noise_batina_results
716,0.0,0.2025146484375,0.2025146484375,0.25273175935710035,0.20276745754202607,noise_batina_results
717,0.0,0.203125,0.203125,0.24427739614814298,0.20276745754202607,noise_batina_results
718,0.0,0.2030029296875,0.2030029296875,0.23261980152381284,0.20276745754202607,noise_batina_results
719,0.0,0.2022705078125,0.2022705078125,0.22720100282420289,0.20276745754202607,noise_batina_results
720,0.0,3.578125,3.578125,0.6341421080887749,3.578645178475746,noise_batina_results
721,0.0,-3.578125,-3.578125,0.6044600527285551,3.578645178475746,noise_batina_results
722,0.0,3.580078125,3.580078125,0.5951791093912826,3.578645178475746,noise_batina_results
723,0.0,3.58203125,3.58203125,0.5853495766033607,3.578645178475746,noise_batina_results
724,0.0,3.5703125,3.5703125,0.5768781278799214,3.578645178475746,noise_batina_results
725,0.0,3.57421875,3.57421875,0.5739373358658753,3.578645178475746,noise_batina_results
726,0.0,3.576171875,3.576171875,0.5714044664826586,3.578645178475746,noise_batina_results
727,0.0,3.583984375,3.583984375,0.5684827328969974,3.578645178475746,noise_batina_results
728,0.0,-3.580078125,-3.580078125,0.5679164247202718,3.578645178475746,noise_batina_results
729,0.0,3.572265625,3.572265625,0.5576188282418441,3.578645178475746,noise_batina_results
730,0.0,0.00380706787109375,0.00380706787109375,0.2928469968463715,0.003808425052686415,noise_batina_results
731,0.0,0.003810882568359375,0.003810882568359375,0.28843282909895346,0.003808425052686415,noise_batina_results
732,0.0,0.0038089752197265625,0.0038089752197265625,0.2781313926982994,0.003808425052686415,noise_batina_results
733,0.0,-0.003810882568359375,-0.003810882568359375,0.23640664847717185,0.003808425052686415,noise_batina_results
734,0.0,-0.00380706787109375,-0.00380706787109375,0.23129667073451504,0.003808425052686415,noise_batina_results
735,0.0,0.0038051605224609375,0.0038051605224609375,0.22908464558451408,0.003808425052686415,noise_batina_results
736,0.0,0.003814697265625,0.003814697265625,0.22071103359427044,0.003808425052686415,noise_batina_results
737,0.0,-0.0038089752197265625,-0.0038089752197265625,0.21744221082713017,0.003808425052686415,noise_batina_results
738,0.0,0.0038127899169921875,0.0038127899169921875,0.2160521321607026,0.003808425052686415,noise_batina_results
739,0.0,0.003803253173828125,0.003803253173828125,0.1905733823883253,0.003808425052686415,noise_batina_results
740,0.0,3.669921875,3.669921875,0.6122125258429225,3.669054891781524,noise_batina_results
741,0.0,-3.669921875,-3.669921875,0.5869042850880699,3.669054891781524,noise_batina_results
742,0.0,3.66796875,3.66796875,0.5805402563736237,3.669054891781524,noise_batina_results
743,0.0,3.671875,3.671875,0.565300376427737,3.669054891781524,noise_batina_results
744,0.0,3.67578125,3.67578125,0.5621721211400837,3.669054891781524,noise_batina_results
745,0.0,-3.66796875,-3.66796875,0.5582702980514831,3.669054891781524,noise_batina_results
746,0.0,3.673828125,3.673828125,0.5540539174300726,3.669054891781524,noise_batina_results
747,0.0,3.666015625,3.666015625,0.553669104860782,3.669054891781524,noise_batina_results
748,0.0,3.658203125,3.658203125,0.5424390420657588,3.669054891781524,noise_batina_results
749,0.0,-3.671875,-3.671875,0.5403294907094627,3.669054891781524,noise_batina_results
750,0.0,0.047332763671875,0.047332763671875,0.3767936633395276,0.04733453907461049,noise_batina_results
751,0.0,-0.047332763671875,-0.047332763671875,0.3138375629051092,0.04733453907461049,noise_batina_results
752,0.0,0.04736328125,0.04736328125,0.28873930315421226,0.04733453907461049,noise_batina_results
753,0.0,0.04730224609375,0.04730224609375,0.26449251662093715,0.04733453907461049,noise_batina_results
754,0.0,-0.04736328125,-0.04736328125,0.22769516122768751,0.04733453907461049,noise_batina_results
755,0.0,0.047210693359375,0.047210693359375,0.21800432236269318,0.04733453907461049,noise_batina_results
756,0.0,0.0472412109375,0.0472412109375,0.20993507147825016,0.04733453907461049,noise_batina_results
757,0.0,0.04742431640625,0.04742431640625,0.20917692304800517,0.04733453907461049,noise_batina_results
758,0.0,0.047271728515625,0.047271728515625,0.2085284124177097,0.04733453907461049,noise_batina_results
759,0.0,0.047393798828125,0.047393798828125,0.20118441800053535,0.04733453907461049,noise_batina_results
760,0.0,-3.75390625,-3.75390625,0.5925780893819331,-3.754250427173267,noise_batina_results
761,0.0,-3.751953125,-3.751953125,0.5742916628535109,-3.754250427173267,noise_batina_results
762,0.0,-3.7578125,-3.7578125,0.5687457381471964,-3.754250427173267,noise_batina_results
763,0.0,3.75390625,3.75390625,0.5621375613949746,-3.754250427173267,noise_batina_results
764,0.0,-3.755859375,-3.755859375,0.5575987768979073,-3.754250427173267,noise_batina_results
765,0.0,-3.75,-3.75,0.5507167840811468,-3.754250427173267,noise_batina_results
766,0.0,3.751953125,3.751953125,0.5493499772546756,-3.754250427173267,noise_batina_results
767,0.0,3.7578125,3.7578125,0.5415088058169284,-3.754250427173267,noise_batina_results
768,0.0,-3.748046875,-3.748046875,0.5400225652257244,-3.754250427173267,noise_batina_results
769,0.0,-3.759765625,-3.759765625,0.531128364387813,-3.754250427173267,noise_batina_results
770,0.0,0.013946533203125,0.013946533203125,0.3589229082317518,0.01395104791730195,noise_batina_results
771,0.0,0.01395416259765625,0.01395416259765625,0.334181197483574,0.01395104791730195,noise_batina_results
772,0.0,-0.013946533203125,-0.013946533203125,0.3119454022139178,0.01395104791730195,noise_batina_results
773,0.0,-0.01395416259765625,-0.01395416259765625,0.2874224082533541,0.01395104791730195,noise_batina_results
774,0.0,0.013916015625,0.013916015625,0.2598247185173373,0.01395104791730195,noise_batina_results
775,0.0,0.01397705078125,0.01397705078125,0.25819344521507875,0.01395104791730195,noise_batina_results
776,0.0,0.0139312744140625,0.0139312744140625,0.257400316916059,0.01395104791730195,noise_batina_results
777,0.0,0.0139923095703125,0.0139923095703125,0.25131723561795133,0.01395104791730195,noise_batina_results
778,0.0,0.0139617919921875,0.0139617919921875,0.24160464929126726,0.01395104791730195,noise_batina_results
779,0.0,-0.013916015625,-0.013916015625,0.21700310230785075,0.01395104791730195,noise_batina_results
780,0.0,-0.0675048828125,-0.0675048828125,0.3219994705709915,-0.06748345823418411,noise_batina_results
781,0.0,-0.06768798828125,-0.06768798828125,0.2781576783277301,-0.06748345823418411,noise_batina_results
782,0.0,-0.06756591796875,-0.06756591796875,0.2764970202175402,-0.06748345823418411,noise_batina_results
783,0.0,-0.06744384765625,-0.06744384765625,0.2710183270043894,-0.06748345823418411,noise_batina_results
784,0.0,-0.0673828125,-0.0673828125,0.2644067176011078,-0.06748345823418411,noise_batina_results
785,0.0,-0.067138671875,-0.067138671875,0.25110216425319876,-0.06748345823418411,noise_batina_results
786,0.0,0.0675048828125,0.0675048828125,0.25100892159373184,-0.06748345823418411,noise_batina_results
787,0.0,-0.06732177734375,-0.06732177734375,0.2480160599040241,-0.06748345823418411,noise_batina_results
788,0.0,-0.067626953125,-0.067626953125,0.22994256628447232,-0.06748345823418411,noise_batina_results
789,0.0,-0.0677490234375,-0.0677490234375,0.2233246438250177,-0.06748345823418411,noise_batina_results
790,0.0,3.15625,3.15625,0.5856040422225134,3.155124709327948,noise_batina_results
791,0.0,3.154296875,3.154296875,0.5852339536845865,3.155124709327948,noise_batina_results
792,0.0,3.15234375,3.15234375,0.5824010124100996,3.155124709327948,noise_batina_results
793,0.0,3.1484375,3.1484375,0.5673894446272508,3.155124709327948,noise_batina_results
794,0.0,3.150390625,3.150390625,0.5661322685125413,3.155124709327948,noise_batina_results
795,0.0,-3.154296875,-3.154296875,0.5608141186718101,3.155124709327948,noise_batina_results
796,0.0,-3.15625,-3.15625,0.5579936421030867,3.155124709327948,noise_batina_results
797,0.0,-3.15234375,-3.15234375,0.5572828874665888,3.155124709327948,noise_batina_results
798,0.0,3.1640625,3.1640625,0.5533667754282546,3.155124709327948,noise_batina_results
799,0.0,3.158203125,3.158203125,0.5464335411773448,3.155124709327948,noise_batina_results
800,0.0,0.2939453125,0.2939453125,0.3828175576758941,0.2939339611380135,noise_batina_results
801,0.0,-0.2939453125,-0.2939453125,0.2946954355129229,0.2939339611380135,noise_batina_results
802,0.0,0.293701171875,0.293701171875,0.26740568931619957,0.2939339611380135,noise_batina_results
803,0.0,0.29296875,0.29296875,0.24244059163911164,0.2939339611380135,noise_batina_results
804,0.0,0.294189453125,0.294189453125,0.21406786158753424,0.2939339611380135,noise_batina_results
805,0.0,0.29345703125,0.29345703125,0.21364118272025098,0.2939339611380135,noise_batina_results
806,0.0,0.292724609375,0.292724609375,0.19629926305315631,0.2939339611380135,noise_batina_results
807,0.0,0.29443359375,0.29443359375,0.19398442646509248,0.2939339611380135,noise_batina_results
808,0.0,-0.293701171875,-0.293701171875,0.1858279648821166,0.2939339611380135,noise_batina_results
809,0.0,0.293212890625,0.293212890625,0.18143904393121946,0.2939339611380135,noise_batina_results
810,0.0,0.375732421875,0.375732421875,0.21838362321988233,0.37496712582829894,noise_batina_results
811,0.0,0.37646484375,0.37646484375,0.1961238321209812,0.37496712582829894,noise_batina_results
812,0.0,0.374755859375,0.374755859375,0.18793012679748178,0.37496712582829894,noise_batina_results
813,0.0,0.0234222412109375,0.0234222412109375,0.1835431176273766,0.37496712582829894,noise_batina_results
814,0.0,1.4990234375,1.4990234375,0.18270487848826014,0.37496712582829894,noise_batina_results
815,0.0,0.09368896484375,0.09368896484375,0.1769288979981616,0.37496712582829894,noise_batina_results
816,0.0,0.74951171875,0.74951171875,0.1723560207460651,0.37496712582829894,noise_batina_results
817,0.0,-0.375732421875,-0.375732421875,0.1702327943371464,0.37496712582829894,noise_batina_results
818,0.0,0.1873779296875,0.1873779296875,0.16133259178828446,0.37496712582829894,noise_batina_results
819,0.0,-0.37646484375,-0.37646484375,0.1486762907565732,0.37496712582829894,noise_batina_results
820,0.0,0.7109375,0.7109375,0.3549340471189081,0.7108770141554457,noise_batina_results
821,0.0,-0.7109375,-0.7109375,0.29402837868593273,0.7108770141554457,noise_batina_results
822,0.0,0.71142578125,0.71142578125,0.24910059838762966,0.7108770141554457,noise_batina_results
823,0.0,0.71044921875,0.71044921875,0.242789068762582,0.7108770141554457,noise_batina_results
824,0.0,0.7119140625,0.7119140625,0.20635898690695423,0.7108770141554457,noise_batina_results
825,0.0,-0.71142578125,-0.71142578125,0.18721406741931698,0.7108770141554457,noise_batina_results
826,0.0,0.70947265625,0.70947265625,0.18225811918164284,0.7108770141554457,noise_batina_results
827,0.0,-0.71044921875,-0.71044921875,0.18136860799814708,0.7108770141554457,noise_batina_results
828,0.0,0.7080078125,0.7080078125,0.17277296480285237,0.7108770141554457,noise_batina_results
829,0.0,0.7099609375,0.7099609375,0.16416747728512912,0.7108770141554457,noise_batina_results
830,0.0,1.6064453125,1.6064453125,0.32641757520834064,1.606691312885152,noise_batina_results
831,0.0,-1.6064453125,-1.6064453125,0.26153489736051594,1.606691312885152,noise_batina_results
832,0.0,1.60546875,1.60546875,0.2561296275940949,1.606691312885152,noise_batina_results
833,0.0,1.6083984375,1.6083984375,0.23519746724781873,1.606691312885152,noise_batina_results
834,0.0,1.609375,1.609375,0.21216693870874334,1.606691312885152,noise_batina_results
835,0.0,1.603515625,1.603515625,0.20670241401265452,1.606691312885152,noise_batina_results
836,0.0,1.6044921875,1.6044921875,0.20426726837532466,1.606691312885152,noise_batina_results
837,0.0,1.607421875,1.607421875,0.2031284835112033,1.606691312885152,noise_batina_results
838,0.0,-1.60546875,-1.60546875,0.19190907467817286,1.606691312885152,noise_batina_results
839,0.0,1.6025390625,1.6025390625,0.17944276556905397,1.606691312885152,noise_batina_results
840,0.0,-3.23046875,-3.23046875,0.6004317817754896,-3.2307222188856146,noise_batina_results
841,0.0,3.23046875,3.23046875,0.5851567790398369,-3.2307222188856146,noise_batina_results
842,0.0,-3.232421875,-3.232421875,0.5570398190890434,-3.2307222188856146,noise_batina_results
843,0.0,-3.228515625,-3.228515625,0.55540010394011,-3.2307222188856146,noise_batina_results
844,0.0,-3.236328125,-3.236328125,0.5460409487261856,-3.2307222188856146,noise_batina_results
845,0.0,3.232421875,3.232421875,0.5397583609808729,-3.2307222188856146,noise_batina_results
846,0.0,3.228515625,3.228515625,0.5353398445620761,-3.2307222188856146,noise_batina_results
847,0.0,-3.2265625,-3.2265625,0.5339401233595125,-3.2307222188856146,noise_batina_results
848,0.0,-3.23828125,-3.23828125,0.5333089615422976,-3.2307222188856146,noise_batina_results
849,0.0,-3.234375,-3.234375,0.5298192886969115,-3.2307222188856146,noise_batina_results
850,0.0,-1.27734375,-1.27734375,0.3478792493464076,-1.2774989892262276,noise_batina_results
851,0.0,1.27734375,1.27734375,0.2870538035832741,-1.2774989892262276,noise_batina_results
852,0.0,-1.2783203125,-1.2783203125,0.24245619100974358,-1.2774989892262276,noise_batina_results
853,0.0,-1.275390625,-1.275390625,0.21468215501972307,-1.2774989892262276,noise_batina_results
854,0.0,-1.2763671875,-1.2763671875,0.21334057413776392,-1.2774989892262276,noise_batina_results
855,0.0,-1.279296875,-1.279296875,0.1698477736456848,-1.2774989892262276,noise_batina_results
856,0.0,1.2783203125,1.2783203125,0.16873537393445243,-1.2774989892262276,noise_batina_results
857,0.0,-1.2744140625,-1.2744140625,0.15607483779886588,-1.2774989892262276,noise_batina_results
858,0.0,-1.2685546875,-1.2685546875,0.15321461610252357,-1.2774989892262276,noise_batina_results
859,0.0,-1.271484375,-1.271484375,0.13908028711564097,-1.2774989892262276,noise_batina_results
860,0.0,-0.3173828125,-0.3173828125,0.3212450624963534,-0.31743242592415477,noise_batina_results
861,0.0,-0.31787109375,-0.31787109375,0.2756177235932122,-0.31743242592415477,noise_batina_results
862,0.0,0.3173828125,0.3173828125,0.2688344517461395,-0.31743242592415477,noise_batina_results
863,0.0,-0.317626953125,-0.317626953125,0.22836466272993067,-0.31743242592415477,noise_batina_results
864,0.0,-0.317138671875,-0.317138671875,0.22826181507164175,-0.31743242592415477,noise_batina_results
865,0.0,-0.318115234375,-0.318115234375,0.22039758180091948,-0.31743242592415477,noise_batina_results
866,0.0,0.31787109375,0.31787109375,0.22028139679083428,-0.31743242592415477,noise_batina_results
867,0.0,-0.318359375,-0.318359375,0.19881931599393377,-0.31743242592415477,noise_batina_results
868,0.0,0.317626953125,0.317626953125,0.17466335033302466,-0.31743242592415477,noise_batina_results
869,0.0,0.317138671875,0.317138671875,0.17234644508769467,-0.31743242592415477,noise_batina_results
870,0.0,2.41015625,2.41015625,0.5388605805865296,2.4116351729568244,noise_batina_results
871,0.0,2.412109375,2.412109375,0.5264815758754249,2.4116351729568244,noise_batina_results
872,0.0,2.408203125,2.408203125,0.5227123363279048,2.4116351729568244,noise_batina_results
873,0.0,2.4140625,2.4140625,0.5170525069975215,2.4116351729568244,noise_batina_results
874,0.0,-2.41015625,-2.41015625,0.5066665861391146,2.4116351729568244,noise_batina_results
875,0.0,-2.412109375,-2.412109375,0.49098297351897613,2.4116351729568244,noise_batina_results
876,0.0,-2.408203125,-2.408203125,0.4899976001160685,2.4116351729568244,noise_batina_results
877,0.0,-2.4140625,-2.4140625,0.48548277865834893,2.4116351729568244,noise_batina_results
878,0.0,2.416015625,2.416015625,0.477706986054726,2.4116351729568244,noise_batina_results
879,0.0,2.40234375,2.40234375,0.46287834368149994,2.4116351729568244,noise_batina_results
880,0.0,-0.326416015625,-0.326416015625,0.3857285040968536,-0.3264220117143882,noise_batina_results
881,0.0,0.326416015625,0.326416015625,0.34089966747019007,-0.3264220117143882,noise_batina_results
882,0.0,-0.32568359375,-0.32568359375,0.21623421357160566,-0.3264220117143882,noise_batina_results
883,0.0,-0.326171875,-0.326171875,0.21480458925449103,-0.3264220117143882,noise_batina_results
884,0.0,-0.32666015625,-0.32666015625,0.20884729385690667,-0.3264220117143882,noise_batina_results
885,0.0,0.32568359375,0.32568359375,0.16963913003126943,-0.3264220117143882,noise_batina_results
886,0.0,0.326171875,0.326171875,0.1651348952773001,-0.3264220117143882,noise_batina_results
887,0.0,-0.325439453125,-0.325439453125,0.16436734537848613,-0.3264220117143882,noise_batina_results
888,0.0,0.32666015625,0.32666015625,0.16425153224059813,-0.3264220117143882,noise_batina_results
889,0.0,-0.325927734375,-0.325927734375,0.16371039915912178,-0.3264220117143882,noise_batina_results
890,0.0,-0.57177734375,-0.57177734375,0.3878912659515761,-0.5718239976371751,noise_batina_results
891,0.0,0.57177734375,0.57177734375,0.3449412802861658,-0.5718239976371751,noise_batina_results
892,0.0,-0.57275390625,-0.57275390625,0.23918594673697602,-0.5718239976371751,noise_batina_results
893,0.0,-0.572265625,-0.572265625,0.22698151451123721,-0.5718239976371751,noise_batina_results
894,0.0,-0.5712890625,-0.5712890625,0.21566650591041725,-0.5718239976371751,noise_batina_results
895,0.0,-0.57080078125,-0.57080078125,0.19569050472790858,-0.5718239976371751,noise_batina_results
896,0.0,0.57275390625,0.57275390625,0.1932906415081546,-0.5718239976371751,noise_batina_results
897,0.0,0.572265625,0.572265625,0.17860873499896612,-0.5718239976371751,noise_batina_results
898,0.0,0.5712890625,0.5712890625,0.1705181708625042,-0.5718239976371751,noise_batina_results
899,0.0,-0.56982421875,-0.56982421875,0.16996018058657097,-0.5718239976371751,noise_batina_results
900,0.0,-0.76220703125,-0.76220703125,0.32605655388617394,-0.7623793052484089,noise_batina_results
901,0.0,-0.7626953125,-0.7626953125,0.29962922473167924,-0.7623793052484089,noise_batina_results
902,0.0,-0.763671875,-0.763671875,0.2691490704295987,-0.7623793052484089,noise_batina_results
903,0.0,0.76220703125,0.76220703125,0.25444896847977283,-0.7623793052484089,noise_batina_results
904,0.0,-0.76171875,-0.76171875,0.24434991482610166,-0.7623793052484089,noise_batina_results
905,0.0,-0.76416015625,-0.76416015625,0.2261382783147996,-0.7623793052484089,noise_batina_results
906,0.0,0.7626953125,0.7626953125,0.2256331145528246,-0.7623793052484089,noise_batina_results
907,0.0,-0.76318359375,-0.76318359375,0.2215902759928811,-0.7623793052484089,noise_batina_results
908,0.0,-0.76123046875,-0.76123046875,0.21350066874267723,-0.7623793052484089,noise_batina_results
909,0.0,0.763671875,0.763671875,0.19923812751823572,-0.7623793052484089,noise_batina_results
910,0.0,-1.1201171875,-1.1201171875,0.26960735113268486,-1.1205427960504322,noise_batina_results
911,0.0,-1.12109375,-1.12109375,0.26160387752736747,-1.1205427960504322,noise_batina_results
912,0.0,1.1201171875,1.1201171875,0.2258025515166541,-1.1205427960504322,noise_batina_results
913,0.0,1.12109375,1.12109375,0.22020144591499227,-1.1205427960504322,noise_batina_results
914,0.0,-1.119140625,-1.119140625,0.2046754926682408,-1.1205427960504322,noise_batina_results
915,0.0,-1.1220703125,-1.1220703125,0.19686990310071031,-1.1205427960504322,noise_batina_results
916,0.0,-1.123046875,-1.123046875,0.16791515572008245,-1.1205427960504322,noise_batina_results
917,0.0,1.119140625,1.119140625,0.16257743628869625,-1.1205427960504322,noise_batina_results
918,0.0,1.1220703125,1.1220703125,0.15573640706244207,-1.1205427960504322,noise_batina_results
919,0.0,-1.1171875,-1.1171875,0.1493414876089482,-1.1205427960504322,noise_batina_results
920,0.0,-1.58203125,-1.58203125,0.38275947453311426,-1.5820723949675743,noise_batina_results
921,0.0,1.58203125,1.58203125,0.3067843423517185,-1.5820723949675743,noise_batina_results
922,0.0,-1.5830078125,-1.5830078125,0.2925523399880297,-1.5820723949675743,noise_batina_results
923,0.0,-1.583984375,-1.583984375,0.24305777876417622,-1.5820723949675743,noise_batina_results
924,0.0,-1.5810546875,-1.5810546875,0.23015364074986747,-1.5820723949675743,noise_batina_results
925,0.0,-1.580078125,-1.580078125,0.2220113120152256,-1.5820723949675743,noise_batina_results
926,0.0,1.5830078125,1.5830078125,0.21084578357628372,-1.5820723949675743,noise_batina_results
927,0.0,-1.5859375,-1.5859375,0.190086751703907,-1.5820723949675743,noise_batina_results
928,0.0,-1.578125,-1.578125,0.181981389145533,-1.5820723949675743,noise_batina_results
929,0.0,-1.5849609375,-1.5849609375,0.16729439773500102,-1.5820723949675743,noise_batina_results
930,0.0,-0.2322998046875,-0.2322998046875,0.2982920063659666,-0.2323688490037893,noise_batina_results
931,0.0,-0.232421875,-0.232421875,0.2659727043640016,-0.2323688490037893,noise_batina_results
932,0.0,-0.232177734375,-0.232177734375,0.2617937714784792,-0.2323688490037893,noise_batina_results
933,0.0,-0.2320556640625,-0.2320556640625,0.23493829075596862,-0.2323688490037893,noise_batina_results
934,0.0,0.2322998046875,0.2322998046875,0.21838632507299038,-0.2323688490037893,noise_batina_results
935,0.0,-0.23193359375,-0.23193359375,0.21235189413105876,-0.2323688490037893,noise_batina_results
936,0.0,-0.2330322265625,-0.2330322265625,0.19083141237711235,-0.2323688490037893,noise_batina_results
937,0.0,0.232421875,0.232421875,0.1905972621473238,-0.2323688490037893,noise_batina_results
938,0.0,0.232177734375,0.232177734375,0.18519974723002422,-0.2323688490037893,noise_batina_results
939,0.0,-0.232666015625,-0.232666015625,0.1791782017172836,-0.2323688490037893,noise_batina_results
940,0.0,3.1484375,3.1484375,0.6032362877386277,3.1497930984787317,noise_batina_results
941,0.0,3.150390625,3.150390625,0.5842143023436285,3.1497930984787317,noise_batina_results
942,0.0,3.14453125,3.14453125,0.5828243985895264,3.1497930984787317,noise_batina_results
943,0.0,-3.1484375,-3.1484375,0.5748016320145358,3.1497930984787317,noise_batina_results
944,0.0,3.154296875,3.154296875,0.5655138417961223,3.1497930984787317,noise_batina_results
945,0.0,3.15234375,3.15234375,0.5591234700779628,3.1497930984787317,noise_batina_results
946,0.0,-3.14453125,-3.14453125,0.5551601375740534,3.1497930984787317,noise_batina_results
947,0.0,3.16015625,3.16015625,0.5518778501395768,3.1497930984787317,noise_batina_results
948,0.0,-3.150390625,-3.150390625,0.5511191417204673,3.1497930984787317,noise_batina_results
949,0.0,3.146484375,3.146484375,0.550568213029568,3.1497930984787317,noise_batina_results
950,0.0,4.32421875,4.32421875,0.547338416277059,4.318355007744527,noise_batina_results
951,0.0,4.31640625,4.31640625,0.544492096100388,4.318355007744527,noise_batina_results
952,0.0,4.3203125,4.3203125,0.5369372832035936,4.318355007744527,noise_batina_results
953,0.0,-4.32421875,-4.32421875,0.5261286212817796,4.318355007744527,noise_batina_results
954,0.0,-4.31640625,-4.31640625,0.5189284514500523,4.318355007744527,noise_batina_results
955,0.0,-4.3203125,-4.3203125,0.5133162848224166,4.318355007744527,noise_batina_results
956,0.0,4.2734375,4.2734375,0.47790009909061,4.318355007744527,noise_batina_results
957,0.0,-4.2734375,-4.2734375,0.45705597749625554,4.318355007744527,noise_batina_results
958,0.0,4.63671875,4.63671875,0.40879296018919137,4.318355007744527,noise_batina_results
959,0.0,-4.63671875,-4.63671875,0.3904241445565462,4.318355007744527,noise_batina_results
960,0.0,-1.103515625,-1.103515625,0.25108178822529403,-1.1023246247797753,noise_batina_results
961,0.0,-1.1025390625,-1.1025390625,0.24787894086822435,-1.1023246247797753,noise_batina_results
962,0.0,1.103515625,1.103515625,0.1839378350608815,-1.1023246247797753,noise_batina_results
963,0.0,1.1025390625,1.1025390625,0.17455834350989896,-1.1023246247797753,noise_batina_results
964,0.0,-1.1044921875,-1.1044921875,0.1697048722733349,-1.1023246247797753,noise_batina_results
965,0.0,-1.1015625,-1.1015625,0.16040104676262185,-1.1023246247797753,noise_batina_results
966,0.0,-1.1005859375,-1.1005859375,0.15329151260553106,-1.1023246247797753,noise_batina_results
967,0.0,-1.099609375,-1.099609375,0.14917631862284814,-1.1023246247797753,noise_batina_results
968,0.0,-1.10546875,-1.10546875,0.1349801955583214,-1.1023246247797753,noise_batina_results
969,0.0,-1.09765625,-1.09765625,0.1225083666787623,-1.1023246247797753,noise_batina_results
970,0.0,-0.23583984375,-0.23583984375,0.26583169516437133,-0.23589463133778965,noise_batina_results
971,0.0,-0.2359619140625,-0.2359619140625,0.23574110579416666,-0.23589463133778965,noise_batina_results
972,0.0,0.23583984375,0.23583984375,0.2228428413675282,-0.23589463133778965,noise_batina_results
973,0.0,-0.236572265625,-0.236572265625,0.2162429856845769,-0.23589463133778965,noise_batina_results
974,0.0,-0.2357177734375,-0.2357177734375,0.21503322067280883,-0.23589463133778965,noise_batina_results
975,0.0,-0.235595703125,-0.235595703125,0.21320744378314005,-0.23589463133778965,noise_batina_results
976,0.0,-0.236083984375,-0.236083984375,0.21283303956556648,-0.23589463133778965,noise_batina_results
977,0.0,-0.236328125,-0.236328125,0.21025210539193206,-0.23589463133778965,noise_batina_results
978,0.0,0.2359619140625,0.2359619140625,0.19187614740380735,-0.23589463133778965,noise_batina_results
979,0.0,-0.2364501953125,-0.2364501953125,0.19044693948000777,-0.23589463133778965,noise_batina_results
980,0.0,-0.60595703125,-0.60595703125,0.3190924660379629,-0.6057722518464352,noise_batina_results
981,0.0,-0.60546875,-0.60546875,0.28822840357401386,-0.6057722518464352,noise_batina_results
982,0.0,-0.6044921875,-0.6044921875,0.2776194459801874,-0.6057722518464352,noise_batina_results
983,0.0,-0.60498046875,-0.60498046875,0.26654993082388545,-0.6057722518464352,noise_batina_results
984,0.0,0.60595703125,0.60595703125,0.24135651776169054,-0.6057722518464352,noise_batina_results
985,0.0,-0.60693359375,-0.60693359375,0.23226522121980575,-0.6057722518464352,noise_batina_results
986,0.0,-0.607421875,-0.607421875,0.22945815696482574,-0.6057722518464352,noise_batina_results
987,0.0,-0.6064453125,-0.6064453125,0.22300915769107763,-0.6057722518464352,noise_batina_results
988,0.0,0.60546875,0.60546875,0.2103837827383812,-0.6057722518464352,noise_batina_results
989,0.0,0.6044921875,0.6044921875,0.19869539423100435,-0.6057722518464352,noise_batina_results
990,0.0,-0.405517578125,-0.405517578125,0.3296544463680384,-0.40562477680344666,noise_batina_results
991,0.0,-6.195157766342163e-06,-6.195157766342163e-06,0.30118106350776946,-0.40562477680344666,noise_batina_results
992,0.0,-0.406005859375,-0.406005859375,0.30118106350776946,-0.40562477680344666,noise_batina_results
993,0.0,-0.40576171875,-0.40576171875,0.27925132103447897,-0.40562477680344666,noise_batina_results
994,0.0,0.405517578125,0.405517578125,0.2742550794906981,-0.40562477680344666,noise_batina_results
995,0.0,-0.405029296875,-0.405029296875,0.24911575091084173,-0.40562477680344666,noise_batina_results
996,0.0,0.406005859375,0.406005859375,0.23732950648394668,-0.40562477680344666,noise_batina_results
997,0.0,6.195157766342163e-06,6.195157766342163e-06,0.23732950648394668,-0.40562477680344666,noise_batina_results
998,0.0,-0.4052734375,-0.4052734375,0.21883897092860416,-0.40562477680344666,noise_batina_results
999,0.0,0.40576171875,0.40576171875,0.21689460112860273,-0.40562477680344666,noise_batina_results
